specimen_id,filename,collection,view,mimicry_status,genus,specific_epithet,sci_name,image_date,filepath,camera_filename,md5,notes
1,FUNED_1_Anilius_scytale_DSC_6269.JPG,FUNED,dorsal,bad mimic,Anilius,scytale,Aniliusscytale,11/29/2024,images/A-snake-photos/FUNED_1_Anilius_scytale_DSC_6269.JPG,DSC_6269.JPG,f49a9c2e58b16a5e561ba26864645655,
1,FUNED_1_Anilius_scytale_DSC_6270.JPG,FUNED,ventral,bad mimic,Anilius,scytale,Aniliusscytale,11/29/2024,images/A-snake-photos/FUNED_1_Anilius_scytale_DSC_6270.JPG,DSC_6270.JPG,6fdeecb3d1e15d2af5e8cb1216c83849,
11,FUNED_11_Atractus_latifrons_DSC_6238.JPG,FUNED,dorsal,mimic,Atractus,latifrons,Atractuslatifrons,11/28/2024,images/A-snake-photos/FUNED_11_Atractus_latifrons_DSC_6238.JPG,DSC_6238.JPG,b13e69f448bc883d06eae07f66a7f41a,
11,FUNED_11_Atractus_latifrons_DSC_6239.JPG,FUNED,ventral,mimic,Atractus,latifrons,Atractuslatifrons,11/28/2024,images/A-snake-photos/FUNED_11_Atractus_latifrons_DSC_6239.JPG,DSC_6239.JPG,6c49b5bfc5aaaa8d7d70578c1bbf242f,
74,FUNED_74_Erythrolamprus_aesculapii_DSC_6436.JPG,FUNED,dorsal,mimic,Erythrolamprus,aesculapii,Erythrolamprusaesculapii,11/29/2024,images/A-snake-photos/FUNED_74_Erythrolamprus_aesculapii_DSC_6436.JPG,DSC_6436.JPG,6efd7f0d1e77fc4291c8b429499dcdbe,venustissimus
74,FUNED_74_Erythrolamprus_aesculapii_DSC_6437.JPG,FUNED,ventral,mimic,Erythrolamprus,aesculapii,Erythrolamprusaesculapii,11/29/2024,images/A-snake-photos/FUNED_74_Erythrolamprus_aesculapii_DSC_6437.JPG,DSC_6437.JPG,5fa7182eb25b653d2019678ca2199f30,venustissimus
77,FUNED_77_Erythrolamprus_aesculapii_DSC_6429.JPG,FUNED,ventral,mimic,Erythrolamprus,aesculapii,Erythrolamprusaesculapii,11/29/2024,images/A-snake-photos/FUNED_77_Erythrolamprus_aesculapii_DSC_6429.JPG,DSC_6429.JPG,e4392cc05ce9b9bde4b80b6246ebc83f,listed as aesculapii venustissimus x sp 1
77,FUNED_77_Erythrolamprus_aesculapii_DSC_6430.JPG,FUNED,dorsal,mimic,Erythrolamprus,aesculapii,Erythrolamprusaesculapii,11/29/2024,images/A-snake-photos/FUNED_77_Erythrolamprus_aesculapii_DSC_6430.JPG,DSC_6430.JPG,86f05ec0c59f75b452a4dfe4c2c0ac69,listed as aesculapii venustissimus x sp 1
78,FUNED_78_Erythrolamprus_aesculapii_DSC_6434.JPG,FUNED,dorsal,mimic,Erythrolamprus,aesculapii,Erythrolamprusaesculapii,11/29/2024,images/A-snake-photos/FUNED_78_Erythrolamprus_aesculapii_DSC_6434.JPG,DSC_6434.JPG,4a4c93bfbb36e57cbef665aaee6597b9,venustissimus
78,FUNED_78_Erythrolamprus_aesculapii_DSC_6435.JPG,FUNED,ventral,mimic,Erythrolamprus,aesculapii,Erythrolamprusaesculapii,11/29/2024,images/A-snake-photos/FUNED_78_Erythrolamprus_aesculapii_DSC_6435.JPG,DSC_6435.JPG,742e4d4a45465ff92d1a6da6cf619d28,venustissimus
94,FUNED_94_Hydrops_triangularis_DSC_6249.JPG,FUNED,dorsal,mimic,Hydrops,triangularis,Hydropstriangularis,11/28/2024,images/A-snake-photos/FUNED_94_Hydrops_triangularis_DSC_6249.JPG,DSC_6249.JPG,ee2a21d5295f3753de88bb290bf23968,
94,FUNED_94_Hydrops_triangularis_DSC_6250.JPG,FUNED,ventral,mimic,Hydrops,triangularis,Hydropstriangularis,11/28/2024,images/A-snake-photos/FUNED_94_Hydrops_triangularis_DSC_6250.JPG,DSC_6250.JPG,b7b4c3bb3d0576fd61f281ad13093b45,
94,FUNED_94_Hydrops_triangularis_DSC_6251.JPG,FUNED,dorsal,mimic,Hydrops,triangularis,Hydropstriangularis,11/28/2024,images/A-snake-photos/FUNED_94_Hydrops_triangularis_DSC_6251.JPG,DSC_6251.JPG,d86f7a16a1903223406993dacef4885a,
95,FUNED_95_Hydrops_martii_DSC_6242.JPG,FUNED,dorsal,mimic,Hydrops,martii,Hydropsmartii,11/28/2024,images/A-snake-photos/FUNED_95_Hydrops_martii_DSC_6242.JPG,DSC_6242.JPG,4a108892cc8207f12292fd106882f487,
95,FUNED_95_Hydrops_martii_DSC_6243.JPG,FUNED,dorsal,mimic,Hydrops,martii,Hydropsmartii,11/28/2024,images/A-snake-photos/FUNED_95_Hydrops_martii_DSC_6243.JPG,DSC_6243.JPG,3cb6c24ed0778a9190dbf6e071aab468,
95,FUNED_95_Hydrops_martii_DSC_6244.JPG,FUNED,ventral,mimic,Hydrops,martii,Hydropsmartii,11/28/2024,images/A-snake-photos/FUNED_95_Hydrops_martii_DSC_6244.JPG,DSC_6244.JPG,5e35284cc2897219776593c474178f5f,
159,FUNED_159_Micrurus_ibiboboca_DSC_6100.JPG,FUNED,dorsal,model,Micrurus,ibiboboca,Micrurusibiboboca,11/28/2024,images/A-snake-photos/FUNED_159_Micrurus_ibiboboca_DSC_6100.JPG,DSC_6100.JPG,7d26fb62fa696b6ae8bbfcc7bc8127f1,
159,FUNED_159_Micrurus_ibiboboca_DSC_6101.JPG,FUNED,ventral,model,Micrurus,ibiboboca,Micrurusibiboboca,11/28/2024,images/A-snake-photos/FUNED_159_Micrurus_ibiboboca_DSC_6101.JPG,DSC_6101.JPG,86e876e9f993093ec2cf4dc7333a6e1e,
160,FUNED_160_Micrurus_averyi_DSC_6108.JPG,FUNED,dorsal,model,Micrurus,averyi,Micrurusaveryi,11/28/2024,images/A-snake-photos/FUNED_160_Micrurus_averyi_DSC_6108.JPG,DSC_6108.JPG,2d84ecd408cc738cab496f9dca66e624,
160,FUNED_160_Micrurus_averyi_DSC_6109.JPG,FUNED,ventral,model,Micrurus,averyi,Micrurusaveryi,11/28/2024,images/A-snake-photos/FUNED_160_Micrurus_averyi_DSC_6109.JPG,DSC_6109.JPG,31091ee2cd6fad611dc126b40fe26b1d,
161,FUNED_161_Micrurus_averyi_DSC_6104.JPG,FUNED,ventral,model,Micrurus,averyi,Micrurusaveryi,11/28/2024,images/A-snake-photos/FUNED_161_Micrurus_averyi_DSC_6104.JPG,DSC_6104.JPG,585542e06144a4ca9e5ce63432978878,
161,FUNED_161_Micrurus_averyi_DSC_6105.JPG,FUNED,dorsal,model,Micrurus,averyi,Micrurusaveryi,11/28/2024,images/A-snake-photos/FUNED_161_Micrurus_averyi_DSC_6105.JPG,DSC_6105.JPG,d16f8292ad927a1ce93bcccb6ccdc0df,
162,FUNED_162_Micrurus_averyi_DSC_6106.JPG,FUNED,ventral,model,Micrurus,averyi,Micrurusaveryi,11/28/2024,images/A-snake-photos/FUNED_162_Micrurus_averyi_DSC_6106.JPG,DSC_6106.JPG,d2eceacc631cec4a5c3437e13d6e27a3,
162,FUNED_162_Micrurus_averyi_DSC_6107.JPG,FUNED,dorsal,model,Micrurus,averyi,Micrurusaveryi,11/28/2024,images/A-snake-photos/FUNED_162_Micrurus_averyi_DSC_6107.JPG,DSC_6107.JPG,1107dcf0fcc58cdf7d0a8263fb685bd0,
163,FUNED_163_Micrurus_lemniscatus_DSC_6144.JPG,FUNED,dorsal,model,Micrurus,lemniscatus,Micruruslemniscatus,11/28/2024,images/A-snake-photos/FUNED_163_Micrurus_lemniscatus_DSC_6144.JPG,DSC_6144.JPG,d4c5cc09f8782caa8dac44d381cd2fff,
163,FUNED_163_Micrurus_lemniscatus_DSC_6145.JPG,FUNED,ventral,model,Micrurus,lemniscatus,Micruruslemniscatus,11/28/2024,images/A-snake-photos/FUNED_163_Micrurus_lemniscatus_DSC_6145.JPG,DSC_6145.JPG,415f25c1faa61fa9498661a261c12173,
164,FUNED_164_Micrurus_lemniscatus_DSC_6142.JPG,FUNED,dorsal,model,Micrurus,lemniscatus,Micruruslemniscatus,11/28/2024,images/A-snake-photos/FUNED_164_Micrurus_lemniscatus_DSC_6142.JPG,DSC_6142.JPG,7752cd4cef24b2e823c7af278ace249d,
164,FUNED_164_Micrurus_lemniscatus_DSC_6143.JPG,FUNED,ventral,model,Micrurus,lemniscatus,Micruruslemniscatus,11/28/2024,images/A-snake-photos/FUNED_164_Micrurus_lemniscatus_DSC_6143.JPG,DSC_6143.JPG,9420f2ba9533152577ccea788233a427,
213,FUNED_213_Pseudoboa_coronata_DSC_6226.JPG,FUNED,dorsal,bad mimic,Pseudoboa,coronata,Pseudoboacoronata,11/28/2024,images/A-snake-photos/FUNED_213_Pseudoboa_coronata_DSC_6226.JPG,DSC_6226.JPG,d3e83656e105843c603e6db06074be57,
213,FUNED_213_Pseudoboa_coronata_DSC_6227.JPG,FUNED,ventral,bad mimic,Pseudoboa,coronata,Pseudoboacoronata,11/28/2024,images/A-snake-photos/FUNED_213_Pseudoboa_coronata_DSC_6227.JPG,DSC_6227.JPG,a54916c8662d04ff069c2029cbe7e1e2,
234,FUNED_234_Simophis_rhinostoma_DSC_6306.JPG,FUNED,dorsal,mimic,Simophis,rhinostoma,Simophisrhinostoma,11/29/2024,images/A-snake-photos/FUNED_234_Simophis_rhinostoma_DSC_6306.JPG,DSC_6306.JPG,559949210a4d9f33583f5c68b522f179,
234,FUNED_234_Simophis_rhinostoma_DSC_6307.JPG,FUNED,ventral,mimic,Simophis,rhinostoma,Simophisrhinostoma,11/29/2024,images/A-snake-photos/FUNED_234_Simophis_rhinostoma_DSC_6307.JPG,DSC_6307.JPG,da55d9d940a10ea83300bdd386582fcd,
235,FUNED_235_Simophis_rhinostoma_DSC_6301.JPG,FUNED,dorsal,mimic,Simophis,rhinostoma,Simophisrhinostoma,11/29/2024,images/A-snake-photos/FUNED_235_Simophis_rhinostoma_DSC_6301.JPG,DSC_6301.JPG,4c1d000d36f6ef538319d8f159707736,
235,FUNED_235_Simophis_rhinostoma_DSC_6302.JPG,FUNED,ventral,mimic,Simophis,rhinostoma,Simophisrhinostoma,11/29/2024,images/A-snake-photos/FUNED_235_Simophis_rhinostoma_DSC_6302.JPG,DSC_6302.JPG,80fdb209daba99eed3f16a2c578c55ec,
235,FUNED_235_Simophis_rhinostoma_DSC_6303.JPG,FUNED,ventral,mimic,Simophis,rhinostoma,Simophisrhinostoma,11/29/2024,images/A-snake-photos/FUNED_235_Simophis_rhinostoma_DSC_6303.JPG,DSC_6303.JPG,600dce008de6bd86586dec54cb49e6d5,
236,FUNED_236_Simophis_rhinostoma_DSC_6314.JPG,FUNED,dorsal,mimic,Simophis,rhinostoma,Simophisrhinostoma,11/29/2024,images/A-snake-photos/FUNED_236_Simophis_rhinostoma_DSC_6314.JPG,DSC_6314.JPG,8b0bc5224fe74990a96f15b41be81c60,
236,FUNED_236_Simophis_rhinostoma_DSC_6315.JPG,FUNED,ventral,mimic,Simophis,rhinostoma,Simophisrhinostoma,11/29/2024,images/A-snake-photos/FUNED_236_Simophis_rhinostoma_DSC_6315.JPG,DSC_6315.JPG,7f724e4b3faaa2d0e576a7df404da099,
283,FUNED_283_Micrurus_frontalis_DSC_6148.JPG,FUNED,dorsal,model,Micrurus,frontalis,Micrurusfrontalis,11/28/2024,images/A-snake-photos/FUNED_283_Micrurus_frontalis_DSC_6148.JPG,DSC_6148.JPG,535c7ba421f998a2f8ed4c8e9c30af71,
283,FUNED_283_Micrurus_frontalis_DSC_6149.JPG,FUNED,ventral,model,Micrurus,frontalis,Micrurusfrontalis,11/28/2024,images/A-snake-photos/FUNED_283_Micrurus_frontalis_DSC_6149.JPG,DSC_6149.JPG,c626d4c28e87f3fc7d934eb4c96fffb3,
335,FUNED_335_Phalotris_mertensi_DSC_6222.JPG,FUNED,dorsal,bad mimic,Phalotris,mertensi,Phalotrismertensi,11/28/2024,images/A-snake-photos/FUNED_335_Phalotris_mertensi_DSC_6222.JPG,DSC_6222.JPG,7d8ea30652a94845d66ba06dad803c9a,
335,FUNED_335_Phalotris_mertensi_DSC_6223.JPG,FUNED,ventral,bad mimic,Phalotris,mertensi,Phalotrismertensi,11/28/2024,images/A-snake-photos/FUNED_335_Phalotris_mertensi_DSC_6223.JPG,DSC_6223.JPG,7e7cd9da3e89d1848825097af0e6953e,
341,FUNED_341_Micrurus_ibiboboca_DSC_6102.JPG,FUNED,dorsal,model,Micrurus,ibiboboca,Micrurusibiboboca,11/28/2024,images/A-snake-photos/FUNED_341_Micrurus_ibiboboca_DSC_6102.JPG,DSC_6102.JPG,0a9ca0dbc88506a0ce33130db4bd98b9,
341,FUNED_341_Micrurus_ibiboboca_DSC_6103.JPG,FUNED,ventral,model,Micrurus,ibiboboca,Micrurusibiboboca,11/28/2024,images/A-snake-photos/FUNED_341_Micrurus_ibiboboca_DSC_6103.JPG,DSC_6103.JPG,d62e88e817f0c82128476fb14474db06,
360,FUNED_360_Simophis_rhinostoma_DSC_6291.JPG,FUNED,dorsal,mimic,Simophis,rhinostoma,Simophisrhinostoma,11/29/2024,images/A-snake-photos/FUNED_360_Simophis_rhinostoma_DSC_6291.JPG,DSC_6291.JPG,d4b0b840b48a9969d836836506ea7024,
360,FUNED_360_Simophis_rhinostoma_DSC_6292.JPG,FUNED,ventral,mimic,Simophis,rhinostoma,Simophisrhinostoma,11/29/2024,images/A-snake-photos/FUNED_360_Simophis_rhinostoma_DSC_6292.JPG,DSC_6292.JPG,8b05c77cf7dce84a2d4b5ab89ac0eaf0,
367,FUNED_367_Micrurus_spixii_DSC_6442.JPG,FUNED,dorsal,model,Micrurus,spixii,Micrurusspixii,11/29/2024,images/A-snake-photos/FUNED_367_Micrurus_spixii_DSC_6442.JPG,DSC_6442.JPG,0511accba949c6dc1f85cbb47d1ff420,
367,FUNED_367_Micrurus_spixii_DSC_6443.JPG,FUNED,ventral,model,Micrurus,spixii,Micrurusspixii,11/29/2024,images/A-snake-photos/FUNED_367_Micrurus_spixii_DSC_6443.JPG,DSC_6443.JPG,d27295e0f66a68ea4447d922cbee0538,
383,FUNED_383_Phalotris_mertensi_DSC_6218.JPG,FUNED,dorsal,bad mimic,Phalotris,mertensi,Phalotrismertensi,11/28/2024,images/A-snake-photos/FUNED_383_Phalotris_mertensi_DSC_6218.JPG,DSC_6218.JPG,35a472c9f805efe504b1b033cd0a360c,
383,FUNED_383_Phalotris_mertensi_DSC_6219.JPG,FUNED,ventral,bad mimic,Phalotris,mertensi,Phalotrismertensi,11/28/2024,images/A-snake-photos/FUNED_383_Phalotris_mertensi_DSC_6219.JPG,DSC_6219.JPG,7fed07ea724b393068a8d87799d4cb63,
391,FUNED_391_Simophis_rhinostoma_DSC_6312.JPG,FUNED,dorsal,mimic,Simophis,rhinostoma,Simophisrhinostoma,11/29/2024,images/A-snake-photos/FUNED_391_Simophis_rhinostoma_DSC_6312.JPG,DSC_6312.JPG,ddf6f3fa333e75a5382bff0a6019f289,
391,FUNED_391_Simophis_rhinostoma_DSC_6313.JPG,FUNED,ventral,mimic,Simophis,rhinostoma,Simophisrhinostoma,11/29/2024,images/A-snake-photos/FUNED_391_Simophis_rhinostoma_DSC_6313.JPG,DSC_6313.JPG,9a2b894c068b9a467a0445c3c575f33d,
545,FUNED_545_Micrurus_corallinus_DSC_6077.JPG,FUNED,dorsal,model,Micrurus,corallinus,Micruruscorallinus,11/28/2024,images/A-snake-photos/FUNED_545_Micrurus_corallinus_DSC_6077.JPG,DSC_6077.JPG,207014ae8f10a85f9b175b0fcff684ba,
545,FUNED_545_Micrurus_corallinus_DSC_6078.JPG,FUNED,ventral,model,Micrurus,corallinus,Micruruscorallinus,11/28/2024,images/A-snake-photos/FUNED_545_Micrurus_corallinus_DSC_6078.JPG,DSC_6078.JPG,3ce050def16eee0345914ecd9aa27ea5,
581,FUNED_581_Micrurus_corallinus_DSC_6063.JPG,FUNED,dorsal,model,Micrurus,corallinus,Micruruscorallinus,11/28/2024,images/A-snake-photos/FUNED_581_Micrurus_corallinus_DSC_6063.JPG,DSC_6063.JPG,6ab1871e4fa1b605678efebee5244f99,
581,FUNED_581_Micrurus_corallinus_DSC_6064.JPG,FUNED,ventral,model,Micrurus,corallinus,Micruruscorallinus,11/28/2024,images/A-snake-photos/FUNED_581_Micrurus_corallinus_DSC_6064.JPG,DSC_6064.JPG,c23bd26bfe11bc6a6e3c80a98d78d16e,
649,FUNED_649_Simophis_rhinostoma_DSC_6297.JPG,FUNED,dorsal,mimic,Simophis,rhinostoma,Simophisrhinostoma,11/29/2024,images/A-snake-photos/FUNED_649_Simophis_rhinostoma_DSC_6297.JPG,DSC_6297.JPG,0134287574a01f811749d667ba83b36b,
649,FUNED_649_Simophis_rhinostoma_DSC_6298.JPG,FUNED,ventral,mimic,Simophis,rhinostoma,Simophisrhinostoma,11/29/2024,images/A-snake-photos/FUNED_649_Simophis_rhinostoma_DSC_6298.JPG,DSC_6298.JPG,aa26420b416045a0530380953abe7596,
686,FUNED_686_Simophis_rhinostoma_DSC_6299.JPG,FUNED,dorsal,mimic,Simophis,rhinostoma,Simophisrhinostoma,11/29/2024,images/A-snake-photos/FUNED_686_Simophis_rhinostoma_DSC_6299.JPG,DSC_6299.JPG,14176d1cada75c4aab99046452e77dcf,
686,FUNED_686_Simophis_rhinostoma_DSC_6300.JPG,FUNED,ventral,mimic,Simophis,rhinostoma,Simophisrhinostoma,11/29/2024,images/A-snake-photos/FUNED_686_Simophis_rhinostoma_DSC_6300.JPG,DSC_6300.JPG,48b667eaba222ddfc68ab85c155d0b9d,
713,FUNED_713_Siphlophis_compressus_DSC_6214.JPG,FUNED,dorsal,mimic,Siphlophis,compressus,Siphlophiscompressus,11/28/2024,images/A-snake-photos/FUNED_713_Siphlophis_compressus_DSC_6214.JPG,DSC_6214.JPG,bbe9cb9fe2edef563da88408ac115348,
713,FUNED_713_Siphlophis_compressus_DSC_6215.JPG,FUNED,ventral,mimic,Siphlophis,compressus,Siphlophiscompressus,11/28/2024,images/A-snake-photos/FUNED_713_Siphlophis_compressus_DSC_6215.JPG,DSC_6215.JPG,d8849c425a0fe2f1ed992a8dd702e69a,
749,FUNED_749_Micrurus_paraensis_DSC_6110.JPG,FUNED,dorsal,model,Micrurus,paraensis,Micrurusparaensis,11/28/2024,images/A-snake-photos/FUNED_749_Micrurus_paraensis_DSC_6110.JPG,DSC_6110.JPG,95bc506567eef1d92cf268c9361a5a05,
749,FUNED_749_Micrurus_paraensis_DSC_6111.JPG,FUNED,dorsal,model,Micrurus,paraensis,Micrurusparaensis,11/28/2024,images/A-snake-photos/FUNED_749_Micrurus_paraensis_DSC_6111.JPG,DSC_6111.JPG,3610ffeceef1f5f1a00fc2c646a742ff,
749,FUNED_749_Micrurus_paraensis_DSC_6112.JPG,FUNED,ventral,model,Micrurus,paraensis,Micrurusparaensis,11/28/2024,images/A-snake-photos/FUNED_749_Micrurus_paraensis_DSC_6112.JPG,DSC_6112.JPG,05e86512e9842cab5d5ae584547923e6,
839,FUNED_839_Rhinobothryum_lentiginosum_DSC_6205.JPG,FUNED,dorsal,bad mimic,Rhinobothryum,lentiginosum,Rhinobothryumlentiginosum,11/28/2024,images/A-snake-photos/FUNED_839_Rhinobothryum_lentiginosum_DSC_6205.JPG,DSC_6205.JPG,f7fd2137797973087e9c58d98804f1ee,
839,FUNED_839_Rhinobothryum_lentiginosum_DSC_6206.JPG,FUNED,ventral,bad mimic,Rhinobothryum,lentiginosum,Rhinobothryumlentiginosum,11/28/2024,images/A-snake-photos/FUNED_839_Rhinobothryum_lentiginosum_DSC_6206.JPG,DSC_6206.JPG,87cbf45733d49e4fbb393f5d8b9e1f9a,
840,FUNED_840_Rhinobothryum_lentiginosum_DSC_6207.JPG,FUNED,dorsal,bad mimic,Rhinobothryum,lentiginosum,Rhinobothryumlentiginosum,11/28/2024,images/A-snake-photos/FUNED_840_Rhinobothryum_lentiginosum_DSC_6207.JPG,DSC_6207.JPG,a40d1482cad7bda316148dc93801925a,
840,FUNED_840_Rhinobothryum_lentiginosum_DSC_6208.JPG,FUNED,ventral,bad mimic,Rhinobothryum,lentiginosum,Rhinobothryumlentiginosum,11/28/2024,images/A-snake-photos/FUNED_840_Rhinobothryum_lentiginosum_DSC_6208.JPG,DSC_6208.JPG,7501c471bb6cf40c7399a6738c06824b,
902,FUNED_902_Pseudoboa_coronata_DSC_6228.JPG,FUNED,dorsal,bad mimic,Pseudoboa,coronata,Pseudoboacoronata,11/28/2024,images/A-snake-photos/FUNED_902_Pseudoboa_coronata_DSC_6228.JPG,DSC_6228.JPG,178e30e04586af4cad5d42ce8342b00c,
902,FUNED_902_Pseudoboa_coronata_DSC_6229.JPG,FUNED,ventral,bad mimic,Pseudoboa,coronata,Pseudoboacoronata,11/28/2024,images/A-snake-photos/FUNED_902_Pseudoboa_coronata_DSC_6229.JPG,DSC_6229.JPG,9a256f925178f113d4fd857ad2d070de,
957,FUNED_957_Micrurus_ibiboboca_DSC_6098.JPG,FUNED,ventral,model,Micrurus,ibiboboca,Micrurusibiboboca,11/28/2024,images/A-snake-photos/FUNED_957_Micrurus_ibiboboca_DSC_6098.JPG,DSC_6098.JPG,6c4f14faac0858e72821a4db2af6151d,
957,FUNED_957_Micrurus_ibiboboca_DSC_6099.JPG,FUNED,dorsal,model,Micrurus,ibiboboca,Micrurusibiboboca,11/28/2024,images/A-snake-photos/FUNED_957_Micrurus_ibiboboca_DSC_6099.JPG,DSC_6099.JPG,a54b24796714f009c4cdc935e2af4698,
966,FUNED_966_Simophis_rhinostoma_DSC_6308.JPG,FUNED,dorsal,mimic,Simophis,rhinostoma,Simophisrhinostoma,11/29/2024,images/A-snake-photos/FUNED_966_Simophis_rhinostoma_DSC_6308.JPG,DSC_6308.JPG,20a58e881e3cec39e2ed5d429e64e7a0,
966,FUNED_966_Simophis_rhinostoma_DSC_6309.JPG,FUNED,ventral,mimic,Simophis,rhinostoma,Simophisrhinostoma,11/29/2024,images/A-snake-photos/FUNED_966_Simophis_rhinostoma_DSC_6309.JPG,DSC_6309.JPG,8479ea56893505d033eb68422bf34853,
1025,FUNED_1025_Simophis_rhinostoma_DSC_6288.JPG,FUNED,dorsal,mimic,Simophis,rhinostoma,Simophisrhinostoma,11/29/2024,images/A-snake-photos/FUNED_1025_Simophis_rhinostoma_DSC_6288.JPG,DSC_6288.JPG,4539db24d43e3a272dfaa08deb5aa1ba,
1025,FUNED_1025_Simophis_rhinostoma_DSC_6289.JPG,FUNED,dorsal,mimic,Simophis,rhinostoma,Simophisrhinostoma,11/29/2024,images/A-snake-photos/FUNED_1025_Simophis_rhinostoma_DSC_6289.JPG,DSC_6289.JPG,3cbe1cddfaf823ee223950471b5a8113,
1025,FUNED_1025_Simophis_rhinostoma_DSC_6290.JPG,FUNED,ventral,mimic,Simophis,rhinostoma,Simophisrhinostoma,11/29/2024,images/A-snake-photos/FUNED_1025_Simophis_rhinostoma_DSC_6290.JPG,DSC_6290.JPG,77ef07798e518c7f873b4846aa32ae1b,
1037,FUNED_1037_Micrurus_hemprichii_DSC_6120.JPG,FUNED,dorsal,model,Micrurus,hemprichii,Micrurushemprichii,11/28/2024,images/A-snake-photos/FUNED_1037_Micrurus_hemprichii_DSC_6120.JPG,DSC_6120.JPG,bc060fa545c8038df0f20fda1f1c3cb3,
1037,FUNED_1037_Micrurus_hemprichii_DSC_6121.JPG,FUNED,ventral,model,Micrurus,hemprichii,Micrurushemprichii,11/28/2024,images/A-snake-photos/FUNED_1037_Micrurus_hemprichii_DSC_6121.JPG,DSC_6121.JPG,ba67042f151361aa1dce9e7a6ed8eb9f,
1037,FUNED_1037_Micrurus_hemprichii_DSC_6122.JPG,FUNED,ventral,model,Micrurus,hemprichii,Micrurushemprichii,11/28/2024,images/A-snake-photos/FUNED_1037_Micrurus_hemprichii_DSC_6122.JPG,DSC_6122.JPG,e8ec2f52509c74a5f607c18166b69299,
1040,FUNED_1040_Hydrops_martii_DSC_6240.JPG,FUNED,ventral,mimic,Hydrops,martii,Hydropsmartii,11/28/2024,images/A-snake-photos/FUNED_1040_Hydrops_martii_DSC_6240.JPG,DSC_6240.JPG,7d0c9368b7ac8dd36632877c7de86588,
1040,FUNED_1040_Hydrops_martii_DSC_6241.JPG,FUNED,dorsal,mimic,Hydrops,martii,Hydropsmartii,11/28/2024,images/A-snake-photos/FUNED_1040_Hydrops_martii_DSC_6241.JPG,DSC_6241.JPG,38626eef116df82cbd6897be24e22f9b,
1042,FUNED_1042_Anilius_scytale_DSC_6271.JPG,FUNED,dorsal,bad mimic,Anilius,scytale,Aniliusscytale,11/29/2024,images/A-snake-photos/FUNED_1042_Anilius_scytale_DSC_6271.JPG,DSC_6271.JPG,c4748b1fc9050b9bd1f8f9f2fd43d1ff,
1042,FUNED_1042_Anilius_scytale_DSC_6272.JPG,FUNED,ventral,bad mimic,Anilius,scytale,Aniliusscytale,11/29/2024,images/A-snake-photos/FUNED_1042_Anilius_scytale_DSC_6272.JPG,DSC_6272.JPG,855fb3b4f48b3fac72e6b4ec0eeb7941,
1148,FUNED_1148_Simophis_rhinostoma_DSC_6295.JPG,FUNED,dorsal,mimic,Simophis,rhinostoma,Simophisrhinostoma,11/29/2024,images/A-snake-photos/FUNED_1148_Simophis_rhinostoma_DSC_6295.JPG,DSC_6295.JPG,ef1bea4802556f569113392c364cf3ea,
1148,FUNED_1148_Simophis_rhinostoma_DSC_6296.JPG,FUNED,ventral,mimic,Simophis,rhinostoma,Simophisrhinostoma,11/29/2024,images/A-snake-photos/FUNED_1148_Simophis_rhinostoma_DSC_6296.JPG,DSC_6296.JPG,660812e34242d6d2eeeadfcb48932134,
1162,FUNED_1162_Simophis_rhinostoma_DSC_6310.JPG,FUNED,dorsal,mimic,Simophis,rhinostoma,Simophisrhinostoma,11/29/2024,images/A-snake-photos/FUNED_1162_Simophis_rhinostoma_DSC_6310.JPG,DSC_6310.JPG,e7206d673cb2454e5c9c4fcb13e3429b,
1162,FUNED_1162_Simophis_rhinostoma_DSC_6311.JPG,FUNED,ventral,mimic,Simophis,rhinostoma,Simophisrhinostoma,11/29/2024,images/A-snake-photos/FUNED_1162_Simophis_rhinostoma_DSC_6311.JPG,DSC_6311.JPG,626eb97cf5a98b7b194d7be134570c7e,
1169,FUNED_1169_Simophis_rhinostoma_DSC_6316.JPG,FUNED,dorsal,mimic,Simophis,rhinostoma,Simophisrhinostoma,11/29/2024,images/A-snake-photos/FUNED_1169_Simophis_rhinostoma_DSC_6316.JPG,DSC_6316.JPG,cbbc9bf083003d7f174fe4b5964a754c,
1169,FUNED_1169_Simophis_rhinostoma_DSC_6317.JPG,FUNED,ventral,mimic,Simophis,rhinostoma,Simophisrhinostoma,11/29/2024,images/A-snake-photos/FUNED_1169_Simophis_rhinostoma_DSC_6317.JPG,DSC_6317.JPG,a0d5c030988e0500c8c83ab3ae47956f,
1243,FUNED_1243_Simophis_rhinostoma_DSC_6322.JPG,FUNED,dorsal,mimic,Simophis,rhinostoma,Simophisrhinostoma,11/29/2024,images/A-snake-photos/FUNED_1243_Simophis_rhinostoma_DSC_6322.JPG,DSC_6322.JPG,22ea629c52b8745d329f669d38735b66,
1243,FUNED_1243_Simophis_rhinostoma_DSC_6323.JPG,FUNED,ventral,mimic,Simophis,rhinostoma,Simophisrhinostoma,11/29/2024,images/A-snake-photos/FUNED_1243_Simophis_rhinostoma_DSC_6323.JPG,DSC_6323.JPG,bd987adf8fbbeffffd50f76149df6bdb,
1317,FUNED_1317_Siphlophis_pulcher_DSC_6209.JPG,FUNED,dorsal,mimic,Siphlophis,pulcher,Siphlophispulcher,11/28/2024,images/A-snake-photos/FUNED_1317_Siphlophis_pulcher_DSC_6209.JPG,DSC_6209.JPG,a2fcd71485f3a82c61e6199f9f251723,
1317,FUNED_1317_Siphlophis_pulcher_DSC_6210.JPG,FUNED,dorsal,mimic,Siphlophis,pulcher,Siphlophispulcher,11/28/2024,images/A-snake-photos/FUNED_1317_Siphlophis_pulcher_DSC_6210.JPG,DSC_6210.JPG,613dd3d54c68924817c9a0cc6d723cb5,
1317,FUNED_1317_Siphlophis_pulcher_DSC_6211.JPG,FUNED,ventral,mimic,Siphlophis,pulcher,Siphlophispulcher,11/28/2024,images/A-snake-photos/FUNED_1317_Siphlophis_pulcher_DSC_6211.JPG,DSC_6211.JPG,87a0aa9b515a986c7703fd3039efaf34,
1319,FUNED_1319_Helicops_angulatus_DSC_6282.JPG,FUNED,dorsal,mimic,Helicops,angulatus,Helicopsangulatus,11/29/2024,images/A-snake-photos/FUNED_1319_Helicops_angulatus_DSC_6282.JPG,DSC_6282.JPG,ab17f2ac0d5eb1fc09c406f9fda2dea3,
1319,FUNED_1319_Helicops_angulatus_DSC_6283.JPG,FUNED,ventral,mimic,Helicops,angulatus,Helicopsangulatus,11/29/2024,images/A-snake-photos/FUNED_1319_Helicops_angulatus_DSC_6283.JPG,DSC_6283.JPG,7cd11d2a3081eb86430eab7fe75d3929,
1320,FUNED_1320_Helicops_angulatus_DSC_6275.JPG,FUNED,dorsal,mimic,Helicops,angulatus,Helicopsangulatus,11/29/2024,images/A-snake-photos/FUNED_1320_Helicops_angulatus_DSC_6275.JPG,DSC_6275.JPG,a7b6d778a298803619fe628dc463cf0c,
1320,FUNED_1320_Helicops_angulatus_DSC_6276.JPG,FUNED,dorsal,mimic,Helicops,angulatus,Helicopsangulatus,11/29/2024,images/A-snake-photos/FUNED_1320_Helicops_angulatus_DSC_6276.JPG,DSC_6276.JPG,a92abc68807eb0ec41166a634711f6db,
1320,FUNED_1320_Helicops_angulatus_DSC_6277.JPG,FUNED,ventral,mimic,Helicops,angulatus,Helicopsangulatus,11/29/2024,images/A-snake-photos/FUNED_1320_Helicops_angulatus_DSC_6277.JPG,DSC_6277.JPG,61fb3430ef00c347b31b31c2279a802c,
1321,FUNED_1321_Micrurus_lemniscatus_DSC_6146.JPG,FUNED,dorsal,model,Micrurus,lemniscatus,Micruruslemniscatus,11/28/2024,images/A-snake-photos/FUNED_1321_Micrurus_lemniscatus_DSC_6146.JPG,DSC_6146.JPG,df7fc0fc2621c71a834d4a15b999bb68,
1321,FUNED_1321_Micrurus_lemniscatus_DSC_6147.JPG,FUNED,ventral,model,Micrurus,lemniscatus,Micruruslemniscatus,11/28/2024,images/A-snake-photos/FUNED_1321_Micrurus_lemniscatus_DSC_6147.JPG,DSC_6147.JPG,685e1af584e57bd1abae16d9a5fc9438,
1322,FUNED_1322_Anilius_scytale_DSC_6267.JPG,FUNED,dorsal,bad mimic,Anilius,scytale,Aniliusscytale,11/29/2024,images/A-snake-photos/FUNED_1322_Anilius_scytale_DSC_6267.JPG,DSC_6267.JPG,ced586cc45c06370064b1950a7b1d1e8,
1322,FUNED_1322_Anilius_scytale_DSC_6268.JPG,FUNED,ventral,bad mimic,Anilius,scytale,Aniliusscytale,11/29/2024,images/A-snake-photos/FUNED_1322_Anilius_scytale_DSC_6268.JPG,DSC_6268.JPG,eadabcab81fc575f9f2756c13db37aa7,
1323,FUNED_1323_Anilius_scytale_DSC_6273.JPG,FUNED,ventral,bad mimic,Anilius,scytale,Aniliusscytale,11/29/2024,images/A-snake-photos/FUNED_1323_Anilius_scytale_DSC_6273.JPG,DSC_6273.JPG,8fa173f04ac575684c2d6bd1a4d3881c,
1323,FUNED_1323_Anilius_scytale_DSC_6274.JPG,FUNED,dorsal,bad mimic,Anilius,scytale,Aniliusscytale,11/29/2024,images/A-snake-photos/FUNED_1323_Anilius_scytale_DSC_6274.JPG,DSC_6274.JPG,ac09763cb43c2c6ce5b75d7d99dd2642,
1324,FUNED_1324_Hydrops_martii_DSC_6247.JPG,FUNED,dorsal,mimic,Hydrops,martii,Hydropsmartii,11/28/2024,images/A-snake-photos/FUNED_1324_Hydrops_martii_DSC_6247.JPG,DSC_6247.JPG,ead7fa53a2e710745051d78a7dfee7f4,
1324,FUNED_1324_Hydrops_martii_DSC_6248.JPG,FUNED,ventral,mimic,Hydrops,martii,Hydropsmartii,11/28/2024,images/A-snake-photos/FUNED_1324_Hydrops_martii_DSC_6248.JPG,DSC_6248.JPG,220f40614af45be51eac185f1c49c962,
1325,FUNED_1325_Micrurus_hemprichii_DSC_6118.JPG,FUNED,dorsal,model,Micrurus,hemprichii,Micrurushemprichii,11/28/2024,images/A-snake-photos/FUNED_1325_Micrurus_hemprichii_DSC_6118.JPG,DSC_6118.JPG,42a5d557139752b3bd1bcd5a511616a8,
1325,FUNED_1325_Micrurus_hemprichii_DSC_6119.JPG,FUNED,ventral,model,Micrurus,hemprichii,Micrurushemprichii,11/28/2024,images/A-snake-photos/FUNED_1325_Micrurus_hemprichii_DSC_6119.JPG,DSC_6119.JPG,8c92f066c4d02320f27cd34b458650c6,
1439,FUNED_1439_Micrurus_corallinus_DSC_6072.JPG,FUNED,dorsal,model,Micrurus,corallinus,Micruruscorallinus,11/28/2024,images/A-snake-photos/FUNED_1439_Micrurus_corallinus_DSC_6072.JPG,DSC_6072.JPG,cdf613f92cca38dfd0b2a107646729db,
1439,FUNED_1439_Micrurus_corallinus_DSC_6073.JPG,FUNED,ventral,model,Micrurus,corallinus,Micruruscorallinus,11/28/2024,images/A-snake-photos/FUNED_1439_Micrurus_corallinus_DSC_6073.JPG,DSC_6073.JPG,1c20981fb52d57745973ce870d69ae6a,
1625,FUNED_1625_Micrurus_corallinus_DSC_6081.JPG,FUNED,dorsal,model,Micrurus,corallinus,Micruruscorallinus,11/28/2024,images/A-snake-photos/FUNED_1625_Micrurus_corallinus_DSC_6081.JPG,DSC_6081.JPG,e3cc87e970ffafb6316458ececfb127f,
1625,FUNED_1625_Micrurus_corallinus_DSC_6082.JPG,FUNED,ventral,model,Micrurus,corallinus,Micruruscorallinus,11/28/2024,images/A-snake-photos/FUNED_1625_Micrurus_corallinus_DSC_6082.JPG,DSC_6082.JPG,b99e961ccdf325dfb697a7ea0b42e2fb,
1670,FUNED_1670_Micrurus_corallinus_DSC_6085.JPG,FUNED,dorsal,model,Micrurus,corallinus,Micruruscorallinus,11/28/2024,images/A-snake-photos/FUNED_1670_Micrurus_corallinus_DSC_6085.JPG,DSC_6085.JPG,5b459aea36ccc93200d8b80b9e1d5bb2,
1670,FUNED_1670_Micrurus_corallinus_DSC_6086.JPG,FUNED,ventral,model,Micrurus,corallinus,Micruruscorallinus,11/28/2024,images/A-snake-photos/FUNED_1670_Micrurus_corallinus_DSC_6086.JPG,DSC_6086.JPG,e941d811137495474d6c42672a68098f,
1670,FUNED_1670_Micrurus_corallinus_DSC_6087.JPG,FUNED,ventral,model,Micrurus,corallinus,Micruruscorallinus,11/28/2024,images/A-snake-photos/FUNED_1670_Micrurus_corallinus_DSC_6087.JPG,DSC_6087.JPG,93ec21ea08c03affa73daa6d127e890b,
1873,FUNED_1873_Micrurus_corallinus_DSC_6067.JPG,FUNED,dorsal,model,Micrurus,corallinus,Micruruscorallinus,11/28/2024,images/A-snake-photos/FUNED_1873_Micrurus_corallinus_DSC_6067.JPG,DSC_6067.JPG,205bf2234f2264011cd9e41d70699409,
1873,FUNED_1873_Micrurus_corallinus_DSC_6068.JPG,FUNED,ventral,model,Micrurus,corallinus,Micruruscorallinus,11/28/2024,images/A-snake-photos/FUNED_1873_Micrurus_corallinus_DSC_6068.JPG,DSC_6068.JPG,d052b1a2df5a822b403571a4322edfbe,
1873,FUNED_1873_Micrurus_corallinus_DSC_6069.JPG,FUNED,dorsal,model,Micrurus,corallinus,Micruruscorallinus,11/28/2024,images/A-snake-photos/FUNED_1873_Micrurus_corallinus_DSC_6069.JPG,DSC_6069.JPG,b602646c4e5711858361a41eabb8f171,
1874,FUNED_1874_Micrurus_corallinus_DSC_6074.JPG,FUNED,dorsal,model,Micrurus,corallinus,Micruruscorallinus,11/28/2024,images/A-snake-photos/FUNED_1874_Micrurus_corallinus_DSC_6074.JPG,DSC_6074.JPG,f62146cd62e45bf163c5f4978f6ca4b1,
1874,FUNED_1874_Micrurus_corallinus_DSC_6075.JPG,FUNED,ventral,model,Micrurus,corallinus,Micruruscorallinus,11/28/2024,images/A-snake-photos/FUNED_1874_Micrurus_corallinus_DSC_6075.JPG,DSC_6075.JPG,16b9b7cf6d965dea795bcbc2a03580c9,
1874,FUNED_1874_Micrurus_corallinus_DSC_6076.JPG,FUNED,ventral,model,Micrurus,corallinus,Micruruscorallinus,11/28/2024,images/A-snake-photos/FUNED_1874_Micrurus_corallinus_DSC_6076.JPG,DSC_6076.JPG,b8cbce1b63efd7173706b5569d268763,
1875,FUNED_1875_Micrurus_corallinus_DSC_6088.JPG,FUNED,dorsal,model,Micrurus,corallinus,Micruruscorallinus,11/28/2024,images/A-snake-photos/FUNED_1875_Micrurus_corallinus_DSC_6088.JPG,DSC_6088.JPG,72120e1e50d76a200f8ed0d4c24e1188,
1875,FUNED_1875_Micrurus_corallinus_DSC_6089.JPG,FUNED,ventral,model,Micrurus,corallinus,Micruruscorallinus,11/28/2024,images/A-snake-photos/FUNED_1875_Micrurus_corallinus_DSC_6089.JPG,DSC_6089.JPG,f01866493ed3ab1cc4f93dfad0a57c61,
1876,FUNED_1876_Micrurus_corallinus_DSC_6090.JPG,FUNED,dorsal,model,Micrurus,corallinus,Micruruscorallinus,11/28/2024,images/A-snake-photos/FUNED_1876_Micrurus_corallinus_DSC_6090.JPG,DSC_6090.JPG,bc143a4a871795d61eee2a3e6fa14e08,
1876,FUNED_1876_Micrurus_corallinus_DSC_6091.JPG,FUNED,ventral,model,Micrurus,corallinus,Micruruscorallinus,11/28/2024,images/A-snake-photos/FUNED_1876_Micrurus_corallinus_DSC_6091.JPG,DSC_6091.JPG,befbec19eb549a54f279531dd3a03b61,
1877,FUNED_1877_Micrurus_corallinus_DSC_6070.JPG,FUNED,dorsal,model,Micrurus,corallinus,Micruruscorallinus,11/28/2024,images/A-snake-photos/FUNED_1877_Micrurus_corallinus_DSC_6070.JPG,DSC_6070.JPG,a5bf9284d2bafffa181ad869f0ff5064,
1877,FUNED_1877_Micrurus_corallinus_DSC_6071.JPG,FUNED,ventral,model,Micrurus,corallinus,Micruruscorallinus,11/28/2024,images/A-snake-photos/FUNED_1877_Micrurus_corallinus_DSC_6071.JPG,DSC_6071.JPG,fa832e194668619434bcfab5756a0f2b,
1878,FUNED_1878_Micrurus_corallinus_DSC_6083.JPG,FUNED,dorsal,model,Micrurus,corallinus,Micruruscorallinus,11/28/2024,images/A-snake-photos/FUNED_1878_Micrurus_corallinus_DSC_6083.JPG,DSC_6083.JPG,defb8406446468779c617cc2b7da4a1d,
1878,FUNED_1878_Micrurus_corallinus_DSC_6084.JPG,FUNED,ventral,model,Micrurus,corallinus,Micruruscorallinus,11/28/2024,images/A-snake-photos/FUNED_1878_Micrurus_corallinus_DSC_6084.JPG,DSC_6084.JPG,1be377987f2ea33340e04935e026c768,
1918,FUNED_1918_Helicops_angulatus_DSC_6284.JPG,FUNED,dorsal,mimic,Helicops,angulatus,Helicopsangulatus,11/29/2024,images/A-snake-photos/FUNED_1918_Helicops_angulatus_DSC_6284.JPG,DSC_6284.JPG,12d216b8774a063e719c8c446f60e3af,
1918,FUNED_1918_Helicops_angulatus_DSC_6285.JPG,FUNED,ventral,mimic,Helicops,angulatus,Helicopsangulatus,11/29/2024,images/A-snake-photos/FUNED_1918_Helicops_angulatus_DSC_6285.JPG,DSC_6285.JPG,f4b3324f6e7791c9e69a941551ad3453,
1920,FUNED_1920_Micrurus_paraensis_DSC_6114.JPG,FUNED,dorsal,model,Micrurus,paraensis,Micrurusparaensis,11/28/2024,images/A-snake-photos/FUNED_1920_Micrurus_paraensis_DSC_6114.JPG,DSC_6114.JPG,6785f0ad338404f477766f0138ea891f,
1920,FUNED_1920_Micrurus_paraensis_DSC_6115.JPG,FUNED,ventral,model,Micrurus,paraensis,Micrurusparaensis,11/28/2024,images/A-snake-photos/FUNED_1920_Micrurus_paraensis_DSC_6115.JPG,DSC_6115.JPG,e366476fe2a4833dc398c6165044f32c,
1920,FUNED_1920_Micrurus_paraensis_DSC_6116.JPG,FUNED,ventral,model,Micrurus,paraensis,Micrurusparaensis,11/28/2024,images/A-snake-photos/FUNED_1920_Micrurus_paraensis_DSC_6116.JPG,DSC_6116.JPG,91e91c049c8aa9d9f625bf52d8f76b77,
1920,FUNED_1920_Micrurus_paraensis_DSC_6117.JPG,FUNED,ventral,model,Micrurus,paraensis,Micrurusparaensis,11/28/2024,images/A-snake-photos/FUNED_1920_Micrurus_paraensis_DSC_6117.JPG,DSC_6117.JPG,ffaab2b1c1107275be4b635f8a04ca7a,
1922,FUNED_1922_Hydrops_martii_DSC_6245.JPG,FUNED,dorsal,mimic,Hydrops,martii,Hydropsmartii,11/28/2024,images/A-snake-photos/FUNED_1922_Hydrops_martii_DSC_6245.JPG,DSC_6245.JPG,c9c0be3e21ef9fcd0526f23df7dcbed5,
1922,FUNED_1922_Hydrops_martii_DSC_6246.JPG,FUNED,ventral,mimic,Hydrops,martii,Hydropsmartii,11/28/2024,images/A-snake-photos/FUNED_1922_Hydrops_martii_DSC_6246.JPG,DSC_6246.JPG,846734d7ed754c449b9a41098de47f51,
1935,FUNED_1935_Helicops_angulatus_DSC_6286.JPG,FUNED,dorsal,mimic,Helicops,angulatus,Helicopsangulatus,11/29/2024,images/A-snake-photos/FUNED_1935_Helicops_angulatus_DSC_6286.JPG,DSC_6286.JPG,7a68ca9b0a6c40563469bfb2fa92fe9f,
1935,FUNED_1935_Helicops_angulatus_DSC_6287.JPG,FUNED,ventral,mimic,Helicops,angulatus,Helicopsangulatus,11/29/2024,images/A-snake-photos/FUNED_1935_Helicops_angulatus_DSC_6287.JPG,DSC_6287.JPG,0f602621b1736a187a7d5c4d6041f381,
1953,FUNED_1953_Tantilla_boipiranga_DSC_6259.JPG,FUNED,dorsal,mimic,Tantilla,boipiranga,Tantillaboipiranga,11/29/2024,images/A-snake-photos/FUNED_1953_Tantilla_boipiranga_DSC_6259.JPG,DSC_6259.JPG,cda115b28180b61c385d2ad95600807a,
1953,FUNED_1953_Tantilla_boipiranga_DSC_6260.JPG,FUNED,ventral,mimic,Tantilla,boipiranga,Tantillaboipiranga,11/29/2024,images/A-snake-photos/FUNED_1953_Tantilla_boipiranga_DSC_6260.JPG,DSC_6260.JPG,66046ed4da8be3a1a501222c9cdaa7a3,
1989,FUNED_1989_Xenopholis_scalaris_DSC_6216.JPG,FUNED,dorsal,bad mimic,Xenopholis,scalaris,Xenopholisscalaris,11/28/2024,images/A-snake-photos/FUNED_1989_Xenopholis_scalaris_DSC_6216.JPG,DSC_6216.JPG,ba06375f2891c0768cfc131b4242dec8,
1989,FUNED_1989_Xenopholis_scalaris_DSC_6217.JPG,FUNED,ventral,bad mimic,Xenopholis,scalaris,Xenopholisscalaris,11/28/2024,images/A-snake-photos/FUNED_1989_Xenopholis_scalaris_DSC_6217.JPG,DSC_6217.JPG,5a1ca051b8333ef31e6779bf59b4d1ef,
2083,FUNED_2083_Erythrolamprus_aesculapii_DSC_6398.JPG,FUNED,dorsal,mimic,Erythrolamprus,aesculapii,Erythrolamprusaesculapii,11/29/2024,images/A-snake-photos/FUNED_2083_Erythrolamprus_aesculapii_DSC_6398.JPG,DSC_6398.JPG,fbd7fb2d1c7a1d67ac238f263ef49389,
2083,FUNED_2083_Erythrolamprus_aesculapii_DSC_6399.JPG,FUNED,ventral,mimic,Erythrolamprus,aesculapii,Erythrolamprusaesculapii,11/29/2024,images/A-snake-photos/FUNED_2083_Erythrolamprus_aesculapii_DSC_6399.JPG,DSC_6399.JPG,32d42ec06c2756909942259fd014aa90,
2103,FUNED_2103_Tantilla_boipiranga_DSC_6255.JPG,FUNED,dorsal,mimic,Tantilla,boipiranga,Tantillaboipiranga,11/29/2024,images/A-snake-photos/FUNED_2103_Tantilla_boipiranga_DSC_6255.JPG,DSC_6255.JPG,7046cf4bf14d4e506d8b21d7b32ce438,
2103,FUNED_2103_Tantilla_boipiranga_DSC_6256.JPG,FUNED,ventral,mimic,Tantilla,boipiranga,Tantillaboipiranga,11/29/2024,images/A-snake-photos/FUNED_2103_Tantilla_boipiranga_DSC_6256.JPG,DSC_6256.JPG,7b952d09588624cc72ebdb37c065e883,
2125,FUNED_2125_Erythrolamprus_aesculapii_DSC_6403.JPG,FUNED,dorsal,mimic,Erythrolamprus,aesculapii,Erythrolamprusaesculapii,11/29/2024,images/A-snake-photos/FUNED_2125_Erythrolamprus_aesculapii_DSC_6403.JPG,DSC_6403.JPG,efebea4f8b156b5ce7574c5025b1cc78,
2125,FUNED_2125_Erythrolamprus_aesculapii_DSC_6404.JPG,FUNED,ventral,mimic,Erythrolamprus,aesculapii,Erythrolamprusaesculapii,11/29/2024,images/A-snake-photos/FUNED_2125_Erythrolamprus_aesculapii_DSC_6404.JPG,DSC_6404.JPG,1fc8cec6ae8335680645f94e019c7466,
2190,FUNED_2190_Micrurus_corallinus_DSC_6094.JPG,FUNED,dorsal,model,Micrurus,corallinus,Micruruscorallinus,11/28/2024,images/A-snake-photos/FUNED_2190_Micrurus_corallinus_DSC_6094.JPG,DSC_6094.JPG,4205e64225ec47864e7655cc99dfef55,
2190,FUNED_2190_Micrurus_corallinus_DSC_6095.JPG,FUNED,ventral,model,Micrurus,corallinus,Micruruscorallinus,11/28/2024,images/A-snake-photos/FUNED_2190_Micrurus_corallinus_DSC_6095.JPG,DSC_6095.JPG,522684439db48b36881fe405ddaaf3e1,
2210,FUNED_2210_Erythrolamprus_aesculapii_DSC_6413.JPG,FUNED,dorsal,mimic,Erythrolamprus,aesculapii,Erythrolamprusaesculapii,11/29/2024,images/A-snake-photos/FUNED_2210_Erythrolamprus_aesculapii_DSC_6413.JPG,DSC_6413.JPG,7ebaa4efdd191e8dba8c0c48e5c2129e,
2210,FUNED_2210_Erythrolamprus_aesculapii_DSC_6414.JPG,FUNED,ventral,mimic,Erythrolamprus,aesculapii,Erythrolamprusaesculapii,11/29/2024,images/A-snake-photos/FUNED_2210_Erythrolamprus_aesculapii_DSC_6414.JPG,DSC_6414.JPG,d63ed577fb6e0a083ed08c1130b0a1a4,
2339,FUNED_2339_Helicops_angulatus_DSC_6278.JPG,FUNED,dorsal,mimic,Helicops,angulatus,Helicopsangulatus,11/29/2024,images/A-snake-photos/FUNED_2339_Helicops_angulatus_DSC_6278.JPG,DSC_6278.JPG,cb7fbda520252414011d18695da76253,
2339,FUNED_2339_Helicops_angulatus_DSC_6279.JPG,FUNED,ventral,mimic,Helicops,angulatus,Helicopsangulatus,11/29/2024,images/A-snake-photos/FUNED_2339_Helicops_angulatus_DSC_6279.JPG,DSC_6279.JPG,32afbc39dcbef9d1bf28dc084d1e7fab,
2340,FUNED_2340_Atractus_latifrons_DSC_6236.JPG,FUNED,dorsal,mimic,Atractus,latifrons,Atractuslatifrons,11/28/2024,images/A-snake-photos/FUNED_2340_Atractus_latifrons_DSC_6236.JPG,DSC_6236.JPG,ddb4c62a23eb505a4d4f3b90be1dc5ad,
2340,FUNED_2340_Atractus_latifrons_DSC_6237.JPG,FUNED,ventral,mimic,Atractus,latifrons,Atractuslatifrons,11/28/2024,images/A-snake-photos/FUNED_2340_Atractus_latifrons_DSC_6237.JPG,DSC_6237.JPG,d2057444c81d8c20a04ff883c7cb5e2d,
2382,FUNED_2382_Erythrolamprus_aesculapii_DSC_6409.JPG,FUNED,dorsal,mimic,Erythrolamprus,aesculapii,Erythrolamprusaesculapii,11/29/2024,images/A-snake-photos/FUNED_2382_Erythrolamprus_aesculapii_DSC_6409.JPG,DSC_6409.JPG,13136dfa37fd4e9ca3d2ff6c8a46497e,
2382,FUNED_2382_Erythrolamprus_aesculapii_DSC_6410.JPG,FUNED,ventral,mimic,Erythrolamprus,aesculapii,Erythrolamprusaesculapii,11/29/2024,images/A-snake-photos/FUNED_2382_Erythrolamprus_aesculapii_DSC_6410.JPG,DSC_6410.JPG,1ec529cd80f0395e64d7dfb6231c65a3,
2405,FUNED_2405_Erythrolamprus_aesculapii_DSC_6407.JPG,FUNED,dorsal,mimic,Erythrolamprus,aesculapii,Erythrolamprusaesculapii,11/29/2024,images/A-snake-photos/FUNED_2405_Erythrolamprus_aesculapii_DSC_6407.JPG,DSC_6407.JPG,acfe12057bb8d6119cb8a380032a7288,
2405,FUNED_2405_Erythrolamprus_aesculapii_DSC_6408.JPG,FUNED,ventral,mimic,Erythrolamprus,aesculapii,Erythrolamprusaesculapii,11/29/2024,images/A-snake-photos/FUNED_2405_Erythrolamprus_aesculapii_DSC_6408.JPG,DSC_6408.JPG,bde2c41ea56aa06ec4456ce0a475f702,
2412,FUNED_2412_Erythrolamprus_aesculapii_DSC_6405.JPG,FUNED,dorsal,mimic,Erythrolamprus,aesculapii,Erythrolamprusaesculapii,11/29/2024,images/A-snake-photos/FUNED_2412_Erythrolamprus_aesculapii_DSC_6405.JPG,DSC_6405.JPG,d2c81bcc82a286086888c6ecc364d5ad,
2412,FUNED_2412_Erythrolamprus_aesculapii_DSC_6406.JPG,FUNED,ventral,mimic,Erythrolamprus,aesculapii,Erythrolamprusaesculapii,11/29/2024,images/A-snake-photos/FUNED_2412_Erythrolamprus_aesculapii_DSC_6406.JPG,DSC_6406.JPG,8e2196ba73f2b830b39b349d787f81b7,
2428,FUNED_2428_Erythrolamprus_aesculapii_DSC_6423.JPG,FUNED,dorsal,mimic,Erythrolamprus,aesculapii,Erythrolamprusaesculapii,11/29/2024,images/A-snake-photos/FUNED_2428_Erythrolamprus_aesculapii_DSC_6423.JPG,DSC_6423.JPG,1805a7c5f5f8bc0410671ee592ed2002,venustissimus
2428,FUNED_2428_Erythrolamprus_aesculapii_DSC_6424.JPG,FUNED,dorsal,mimic,Erythrolamprus,aesculapii,Erythrolamprusaesculapii,11/29/2024,images/A-snake-photos/FUNED_2428_Erythrolamprus_aesculapii_DSC_6424.JPG,DSC_6424.JPG,5111c459c03c9e40bf21d4ab60b1f23f,venustissimus
2428,FUNED_2428_Erythrolamprus_aesculapii_DSC_6425.JPG,FUNED,ventral,mimic,Erythrolamprus,aesculapii,Erythrolamprusaesculapii,11/29/2024,images/A-snake-photos/FUNED_2428_Erythrolamprus_aesculapii_DSC_6425.JPG,DSC_6425.JPG,48d908b2bf3c6fc7b375f14b214fe171,venustissimus
2428,FUNED_2428_Erythrolamprus_aesculapii_DSC_6426.JPG,FUNED,ventral,mimic,Erythrolamprus,aesculapii,Erythrolamprusaesculapii,11/29/2024,images/A-snake-photos/FUNED_2428_Erythrolamprus_aesculapii_DSC_6426.JPG,DSC_6426.JPG,7e415fb1c6863d146fed529a3b5b8067,venustissimus
2467,FUNED_2467_Erythrolamprus_aesculapii_DSC_6431.JPG,FUNED,ventral,mimic,Erythrolamprus,aesculapii,Erythrolamprusaesculapii,11/29/2024,images/A-snake-photos/FUNED_2467_Erythrolamprus_aesculapii_DSC_6431.JPG,DSC_6431.JPG,302c99cf9169d0c51bae086d7b0f7869,listed as aesculapii venustissimus x sp 1
2467,FUNED_2467_Erythrolamprus_aesculapii_DSC_6432.JPG,FUNED,dorsal,mimic,Erythrolamprus,aesculapii,Erythrolamprusaesculapii,11/29/2024,images/A-snake-photos/FUNED_2467_Erythrolamprus_aesculapii_DSC_6432.JPG,DSC_6432.JPG,d0b82e3b2fb65245e96631f7edec0c07,listed as aesculapii venustissimus x sp 1
2467,FUNED_2467_Erythrolamprus_aesculapii_DSC_6433.JPG,FUNED,dorsal,mimic,Erythrolamprus,aesculapii,Erythrolamprusaesculapii,11/29/2024,images/A-snake-photos/FUNED_2467_Erythrolamprus_aesculapii_DSC_6433.JPG,DSC_6433.JPG,c800941c4128bc27b0705f4b2aa5d5bf,listed as aesculapii venustissimus x sp 1
2495,FUNED_2495_Micrurus_brasiliensis_DSC_6136.JPG,FUNED,dorsal,model,Micrurus,brasiliensis,Micrurusbrasiliensis,11/28/2024,images/A-snake-photos/FUNED_2495_Micrurus_brasiliensis_DSC_6136.JPG,DSC_6136.JPG,02b5ca22746b3e89d3d40fb7b7190e48,
2495,FUNED_2495_Micrurus_brasiliensis_DSC_6137.JPG,FUNED,ventral,model,Micrurus,brasiliensis,Micrurusbrasiliensis,11/28/2024,images/A-snake-photos/FUNED_2495_Micrurus_brasiliensis_DSC_6137.JPG,DSC_6137.JPG,63f98c2f2c49f46bb175c017803cd45f,
2621,FUNED_2621_Micrurus_corallinus_DSC_6096.JPG,FUNED,dorsal,model,Micrurus,corallinus,Micruruscorallinus,11/28/2024,images/A-snake-photos/FUNED_2621_Micrurus_corallinus_DSC_6096.JPG,DSC_6096.JPG,9e7e85e811b97fb5c88acfdf5474bad3,
2621,FUNED_2621_Micrurus_corallinus_DSC_6097.JPG,FUNED,ventral,model,Micrurus,corallinus,Micruruscorallinus,11/28/2024,images/A-snake-photos/FUNED_2621_Micrurus_corallinus_DSC_6097.JPG,DSC_6097.JPG,b8b9b7a76210cee7445072a2ae64e73e,
2647,FUNED_2647_Erythrolamprus_aesculapii_DSC_6396.JPG,FUNED,ventral,mimic,Erythrolamprus,aesculapii,Erythrolamprusaesculapii,11/29/2024,images/A-snake-photos/FUNED_2647_Erythrolamprus_aesculapii_DSC_6396.JPG,DSC_6396.JPG,0180d34cec94b5ba803bfe3a9b7721ee,
2647,FUNED_2647_Erythrolamprus_aesculapii_DSC_6397.JPG,FUNED,dorsal,mimic,Erythrolamprus,aesculapii,Erythrolamprusaesculapii,11/29/2024,images/A-snake-photos/FUNED_2647_Erythrolamprus_aesculapii_DSC_6397.JPG,DSC_6397.JPG,4a37ad3890d21e125165eec6c8ffa1a9,
2653,FUNED_2653_Erythrolamprus_aesculapii_DSC_6411.JPG,FUNED,dorsal,mimic,Erythrolamprus,aesculapii,Erythrolamprusaesculapii,11/29/2024,images/A-snake-photos/FUNED_2653_Erythrolamprus_aesculapii_DSC_6411.JPG,DSC_6411.JPG,ebc9434a332ed8d167a4b53bb39934a5,
2653,FUNED_2653_Erythrolamprus_aesculapii_DSC_6412.JPG,FUNED,ventral,mimic,Erythrolamprus,aesculapii,Erythrolamprusaesculapii,11/29/2024,images/A-snake-photos/FUNED_2653_Erythrolamprus_aesculapii_DSC_6412.JPG,DSC_6412.JPG,baf3bb8f4ce50da5a823c873516082cb,
2660,FUNED_2660_Erythrolamprus_aesculapii_DSC_6400.JPG,FUNED,dorsal,mimic,Erythrolamprus,aesculapii,Erythrolamprusaesculapii,11/29/2024,images/A-snake-photos/FUNED_2660_Erythrolamprus_aesculapii_DSC_6400.JPG,DSC_6400.JPG,c8f1d75a582c5f12b32d2f68ce90e265,
2660,FUNED_2660_Erythrolamprus_aesculapii_DSC_6401.JPG,FUNED,dorsal,mimic,Erythrolamprus,aesculapii,Erythrolamprusaesculapii,11/29/2024,images/A-snake-photos/FUNED_2660_Erythrolamprus_aesculapii_DSC_6401.JPG,DSC_6401.JPG,556f4c924e87e2bf55f324a3f0c23260,
2660,FUNED_2660_Erythrolamprus_aesculapii_DSC_6402.JPG,FUNED,ventral,mimic,Erythrolamprus,aesculapii,Erythrolamprusaesculapii,11/29/2024,images/A-snake-photos/FUNED_2660_Erythrolamprus_aesculapii_DSC_6402.JPG,DSC_6402.JPG,8cd64f48df0e99c7d8a3430ba3aa0441,
2734,FUNED_2734_Erythrolamprus_aesculapii_DSC_6421.JPG,FUNED,dorsal,mimic,Erythrolamprus,aesculapii,Erythrolamprusaesculapii,11/29/2024,images/A-snake-photos/FUNED_2734_Erythrolamprus_aesculapii_DSC_6421.JPG,DSC_6421.JPG,9efb4e8a6e348fc9db3b6c12027b17fb,
2734,FUNED_2734_Erythrolamprus_aesculapii_DSC_6422.JPG,FUNED,ventral,mimic,Erythrolamprus,aesculapii,Erythrolamprusaesculapii,11/29/2024,images/A-snake-photos/FUNED_2734_Erythrolamprus_aesculapii_DSC_6422.JPG,DSC_6422.JPG,a949175ad4d965325ba2cba2f6b4bd35,
2742,FUNED_2742_Erythrolamprus_aesculapii_DSC_6415.JPG,FUNED,ventral,mimic,Erythrolamprus,aesculapii,Erythrolamprusaesculapii,11/29/2024,images/A-snake-photos/FUNED_2742_Erythrolamprus_aesculapii_DSC_6415.JPG,DSC_6415.JPG,323432dea4398d83c6fed383fb901422,
2742,FUNED_2742_Erythrolamprus_aesculapii_DSC_6416.JPG,FUNED,dorsal,mimic,Erythrolamprus,aesculapii,Erythrolamprusaesculapii,11/29/2024,images/A-snake-photos/FUNED_2742_Erythrolamprus_aesculapii_DSC_6416.JPG,DSC_6416.JPG,ec42e97427218aa784ebffeba9ecd1d6,
2756,FUNED_2756_Micrurus_corallinus_DSC_6065.JPG,FUNED,dorsal,model,Micrurus,corallinus,Micruruscorallinus,11/28/2024,images/A-snake-photos/FUNED_2756_Micrurus_corallinus_DSC_6065.JPG,DSC_6065.JPG,30098c813c042710856e017453ff1f8b,
2756,FUNED_2756_Micrurus_corallinus_DSC_6066.JPG,FUNED,ventral,model,Micrurus,corallinus,Micruruscorallinus,11/28/2024,images/A-snake-photos/FUNED_2756_Micrurus_corallinus_DSC_6066.JPG,DSC_6066.JPG,4eae3e8c9169aa932b745ccd076aea61,
2768,FUNED_2768_Erythrolamprus_aesculapii_DSC_6417.JPG,FUNED,ventral,mimic,Erythrolamprus,aesculapii,Erythrolamprusaesculapii,11/29/2024,images/A-snake-photos/FUNED_2768_Erythrolamprus_aesculapii_DSC_6417.JPG,DSC_6417.JPG,97d811fd916fd17fb61f6a161626b7c5,
2768,FUNED_2768_Erythrolamprus_aesculapii_DSC_6418.JPG,FUNED,dorsal,mimic,Erythrolamprus,aesculapii,Erythrolamprusaesculapii,11/29/2024,images/A-snake-photos/FUNED_2768_Erythrolamprus_aesculapii_DSC_6418.JPG,DSC_6418.JPG,31f9dd27503c0f0f88adefc8d911eeeb,
2852,FUNED_2852_Erythrolamprus_aesculapii_DSC_6419.JPG,FUNED,dorsal,mimic,Erythrolamprus,aesculapii,Erythrolamprusaesculapii,11/29/2024,images/A-snake-photos/FUNED_2852_Erythrolamprus_aesculapii_DSC_6419.JPG,DSC_6419.JPG,d6020b4827a588f5343b80dd79f67f1e,
2852,FUNED_2852_Erythrolamprus_aesculapii_DSC_6420.JPG,FUNED,ventral,mimic,Erythrolamprus,aesculapii,Erythrolamprusaesculapii,11/29/2024,images/A-snake-photos/FUNED_2852_Erythrolamprus_aesculapii_DSC_6420.JPG,DSC_6420.JPG,89b6293753a0e0312cbab57ee952dd16,
2871,FUNED_2871_Xenodon_cf matogrossensis_DSC_6212.JPG,FUNED,dorsal,mimic,Xenodon,cf matogrossensis,Xenodoncf matogrossensis,11/28/2024,images/A-snake-photos/FUNED_2871_Xenodon_cf matogrossensis_DSC_6212.JPG,DSC_6212.JPG,343dc8f5570a70b1ddfe7f15321808d5,
2871,FUNED_2871_Xenodon_cf matogrossensis_DSC_6213.JPG,FUNED,ventral,mimic,Xenodon,cf matogrossensis,Xenodoncf matogrossensis,11/28/2024,images/A-snake-photos/FUNED_2871_Xenodon_cf matogrossensis_DSC_6213.JPG,DSC_6213.JPG,95ea9c65d7347a7c5ae23e189e6e50cc,
2900,FUNED_2900_Micrurus_frontalis_DSC_6183.JPG,FUNED,dorsal,model,Micrurus,frontalis,Micrurusfrontalis,11/28/2024,images/A-snake-photos/FUNED_2900_Micrurus_frontalis_DSC_6183.JPG,DSC_6183.JPG,690aefcf180ded25084880a94d018692,
2900,FUNED_2900_Micrurus_frontalis_DSC_6184.JPG,FUNED,ventral,model,Micrurus,frontalis,Micrurusfrontalis,11/28/2024,images/A-snake-photos/FUNED_2900_Micrurus_frontalis_DSC_6184.JPG,DSC_6184.JPG,5babe24db78143e80f5f5d4652f12995,
2901,FUNED_2901_Simophis_rhinostoma_DSC_6318.JPG,FUNED,dorsal,mimic,Simophis,rhinostoma,Simophisrhinostoma,11/29/2024,images/A-snake-photos/FUNED_2901_Simophis_rhinostoma_DSC_6318.JPG,DSC_6318.JPG,491ea035d5e68df0a43657893175886e,
2901,FUNED_2901_Simophis_rhinostoma_DSC_6319.JPG,FUNED,ventral,mimic,Simophis,rhinostoma,Simophisrhinostoma,11/29/2024,images/A-snake-photos/FUNED_2901_Simophis_rhinostoma_DSC_6319.JPG,DSC_6319.JPG,1100475613020f705a7fba36aab526ab,
2912,FUNED_2912_Erythrolamprus_aesculapii_DSC_6386.JPG,FUNED,side,mimic,Erythrolamprus,aesculapii,Erythrolamprusaesculapii,11/29/2024,images/A-snake-photos/FUNED_2912_Erythrolamprus_aesculapii_DSC_6386.JPG,DSC_6386.JPG,21f300c189a122481777ab42f1ec4458,
2912,FUNED_2912_Erythrolamprus_aesculapii_DSC_6387.JPG,FUNED,side,mimic,Erythrolamprus,aesculapii,Erythrolamprusaesculapii,11/29/2024,images/A-snake-photos/FUNED_2912_Erythrolamprus_aesculapii_DSC_6387.JPG,DSC_6387.JPG,67dd76189e8221d91776f442525a66e6,
2969,FUNED_2969_Micrurus_frontalis_DSC_6176.JPG,FUNED,dorsal,model,Micrurus,frontalis,Micrurusfrontalis,11/28/2024,images/A-snake-photos/FUNED_2969_Micrurus_frontalis_DSC_6176.JPG,DSC_6176.JPG,8c3029fa58dca526c5d1042768e4331b,
2969,FUNED_2969_Micrurus_frontalis_DSC_6177.JPG,FUNED,dorsal,model,Micrurus,frontalis,Micrurusfrontalis,11/28/2024,images/A-snake-photos/FUNED_2969_Micrurus_frontalis_DSC_6177.JPG,DSC_6177.JPG,76ad2c77e6c1095fbdd68eef69e40623,
2969,FUNED_2969_Micrurus_frontalis_DSC_6178.JPG,FUNED,ventral,model,Micrurus,frontalis,Micrurusfrontalis,11/28/2024,images/A-snake-photos/FUNED_2969_Micrurus_frontalis_DSC_6178.JPG,DSC_6178.JPG,e17403a22385e99291cb4310ea2074bc,
2985,FUNED_2985_Erythrolamprus_aesculapii_DSC_6383.JPG,FUNED,dorsal,mimic,Erythrolamprus,aesculapii,Erythrolamprusaesculapii,11/29/2024,images/A-snake-photos/FUNED_2985_Erythrolamprus_aesculapii_DSC_6383.JPG,DSC_6383.JPG,485802d5d70116b1e32cc7e7dac55b9b,
2985,FUNED_2985_Erythrolamprus_aesculapii_DSC_6384.JPG,FUNED,dorsal,mimic,Erythrolamprus,aesculapii,Erythrolamprusaesculapii,11/29/2024,images/A-snake-photos/FUNED_2985_Erythrolamprus_aesculapii_DSC_6384.JPG,DSC_6384.JPG,6caac54bb84ad5eb2b9670c8b7a6405a,
2985,FUNED_2985_Erythrolamprus_aesculapii_DSC_6385.JPG,FUNED,ventral,mimic,Erythrolamprus,aesculapii,Erythrolamprusaesculapii,11/29/2024,images/A-snake-photos/FUNED_2985_Erythrolamprus_aesculapii_DSC_6385.JPG,DSC_6385.JPG,9aac8834e6516c8be24d234589be5716,
3017,FUNED_3017_Erythrolamprus_aesculapii_DSC_6390.JPG,FUNED,dorsal,mimic,Erythrolamprus,aesculapii,Erythrolamprusaesculapii,11/29/2024,images/A-snake-photos/FUNED_3017_Erythrolamprus_aesculapii_DSC_6390.JPG,DSC_6390.JPG,6beded8c8fa3c3c30ddee4e83a2032c1,
3017,FUNED_3017_Erythrolamprus_aesculapii_DSC_6391.JPG,FUNED,ventral,mimic,Erythrolamprus,aesculapii,Erythrolamprusaesculapii,11/29/2024,images/A-snake-photos/FUNED_3017_Erythrolamprus_aesculapii_DSC_6391.JPG,DSC_6391.JPG,9d77795889eb583abce8c9491fa7f750,
3069,FUNED_3069_Erythrolamprus_aesculapii_DSC_6392.JPG,FUNED,dorsal,mimic,Erythrolamprus,aesculapii,Erythrolamprusaesculapii,11/29/2024,images/A-snake-photos/FUNED_3069_Erythrolamprus_aesculapii_DSC_6392.JPG,DSC_6392.JPG,4a0c18887f56cc69f35282fc156e0cb4,
3069,FUNED_3069_Erythrolamprus_aesculapii_DSC_6393.JPG,FUNED,ventral,mimic,Erythrolamprus,aesculapii,Erythrolamprusaesculapii,11/29/2024,images/A-snake-photos/FUNED_3069_Erythrolamprus_aesculapii_DSC_6393.JPG,DSC_6393.JPG,e993ef4ade8e988b7cb532ab968efcfd,
3158,FUNED_3158_Simophis_rhinostoma_DSC_6320.JPG,FUNED,dorsal,mimic,Simophis,rhinostoma,Simophisrhinostoma,11/29/2024,images/A-snake-photos/FUNED_3158_Simophis_rhinostoma_DSC_6320.JPG,DSC_6320.JPG,f84cbc0055dcd3341ff0b50696f83049,
3158,FUNED_3158_Simophis_rhinostoma_DSC_6321.JPG,FUNED,ventral,mimic,Simophis,rhinostoma,Simophisrhinostoma,11/29/2024,images/A-snake-photos/FUNED_3158_Simophis_rhinostoma_DSC_6321.JPG,DSC_6321.JPG,ae1e37ac739b45e83e0aeaa20456a430,
3159,FUNED_3159_Simophis_rhinostoma_DSC_6293.JPG,FUNED,dorsal,mimic,Simophis,rhinostoma,Simophisrhinostoma,11/29/2024,images/A-snake-photos/FUNED_3159_Simophis_rhinostoma_DSC_6293.JPG,DSC_6293.JPG,1ab9865e77ecfb0a070ad921ebae4cde,
3159,FUNED_3159_Simophis_rhinostoma_DSC_6294.JPG,FUNED,ventral,mimic,Simophis,rhinostoma,Simophisrhinostoma,11/29/2024,images/A-snake-photos/FUNED_3159_Simophis_rhinostoma_DSC_6294.JPG,DSC_6294.JPG,8522247db5ba116ace962491b6783d21,
3249,FUNED_3249_Erythrolamprus_aesculapii_DSC_6378.JPG,FUNED,ventral,mimic,Erythrolamprus,aesculapii,Erythrolamprusaesculapii,11/29/2024,images/A-snake-photos/FUNED_3249_Erythrolamprus_aesculapii_DSC_6378.JPG,DSC_6378.JPG,6a1b82a88e35fae2b0f00d5586461f0b,
3249,FUNED_3249_Erythrolamprus_aesculapii_DSC_6380.JPG,FUNED,dorsal,mimic,Erythrolamprus,aesculapii,Erythrolamprusaesculapii,11/29/2024,images/A-snake-photos/FUNED_3249_Erythrolamprus_aesculapii_DSC_6380.JPG,DSC_6380.JPG,c0407039f8c9be0fbd7b2666208d0129,
3266,FUNED_3266_Micrurus_frontalis_DSC_6185.JPG,FUNED,ventral,model,Micrurus,frontalis,Micrurusfrontalis,11/28/2024,images/A-snake-photos/FUNED_3266_Micrurus_frontalis_DSC_6185.JPG,DSC_6185.JPG,cfece4c5494b6dc88c324cba6f1be20c,
3266,FUNED_3266_Micrurus_frontalis_DSC_6186.JPG,FUNED,ventral,model,Micrurus,frontalis,Micrurusfrontalis,11/28/2024,images/A-snake-photos/FUNED_3266_Micrurus_frontalis_DSC_6186.JPG,DSC_6186.JPG,56efa41a5d5a5c14e3e311caf423a9fc,
3266,FUNED_3266_Micrurus_frontalis_DSC_6187.JPG,FUNED,dorsal,model,Micrurus,frontalis,Micrurusfrontalis,11/28/2024,images/A-snake-photos/FUNED_3266_Micrurus_frontalis_DSC_6187.JPG,DSC_6187.JPG,736c4807df8ddb0ab66d0f9a990abca3,
3300,FUNED_3300_Anilius_scytale_DSC_6265.JPG,FUNED,dorsal,bad mimic,Anilius,scytale,Aniliusscytale,11/29/2024,images/A-snake-photos/FUNED_3300_Anilius_scytale_DSC_6265.JPG,DSC_6265.JPG,12ac84ebece4466768f01c56ced5ea8c,
3300,FUNED_3300_Anilius_scytale_DSC_6266.JPG,FUNED,ventral,bad mimic,Anilius,scytale,Aniliusscytale,11/29/2024,images/A-snake-photos/FUNED_3300_Anilius_scytale_DSC_6266.JPG,DSC_6266.JPG,8000ebcbd9ff3a8801af6caa88fd5fc8,
3305,FUNED_3305_Tantilla_boipiranga_DSC_6253.JPG,FUNED,side,mimic,Tantilla,boipiranga,Tantillaboipiranga,11/29/2024,images/A-snake-photos/FUNED_3305_Tantilla_boipiranga_DSC_6253.JPG,DSC_6253.JPG,30e29bf53c0c08346ff4caee8fdad3b8,
3305,FUNED_3305_Tantilla_boipiranga_DSC_6254.JPG,FUNED,side,mimic,Tantilla,boipiranga,Tantillaboipiranga,11/29/2024,images/A-snake-photos/FUNED_3305_Tantilla_boipiranga_DSC_6254.JPG,DSC_6254.JPG,183366eeba88cb44b06469181823e7e8,
3308,FUNED_3308_Micrurus_brasiliensis_DSC_6126.JPG,FUNED,dorsal,model,Micrurus,brasiliensis,Micrurusbrasiliensis,11/28/2024,images/A-snake-photos/FUNED_3308_Micrurus_brasiliensis_DSC_6126.JPG,DSC_6126.JPG,3da9875645bd2f96fd481de067c54e1c,
3308,FUNED_3308_Micrurus_brasiliensis_DSC_6127.JPG,FUNED,dorsal,model,Micrurus,brasiliensis,Micrurusbrasiliensis,11/28/2024,images/A-snake-photos/FUNED_3308_Micrurus_brasiliensis_DSC_6127.JPG,DSC_6127.JPG,49011395d8b20b8820c8f84462bdbc2a,
3308,FUNED_3308_Micrurus_brasiliensis_DSC_6128.JPG,FUNED,dorsal,model,Micrurus,brasiliensis,Micrurusbrasiliensis,11/28/2024,images/A-snake-photos/FUNED_3308_Micrurus_brasiliensis_DSC_6128.JPG,DSC_6128.JPG,e850ba2c0e792b384fc18065eed2f358,
3308,FUNED_3308_Micrurus_brasiliensis_DSC_6129.JPG,FUNED,dorsal,model,Micrurus,brasiliensis,Micrurusbrasiliensis,11/28/2024,images/A-snake-photos/FUNED_3308_Micrurus_brasiliensis_DSC_6129.JPG,DSC_6129.JPG,2b47beb11b9ebaed3d6f9b682f876b43,
3308,FUNED_3308_Micrurus_brasiliensis_DSC_6130.JPG,FUNED,dorsal,model,Micrurus,brasiliensis,Micrurusbrasiliensis,11/28/2024,images/A-snake-photos/FUNED_3308_Micrurus_brasiliensis_DSC_6130.JPG,DSC_6130.JPG,827d75cbe78f76405ad66067eaaddcb8,
3308,FUNED_3308_Micrurus_brasiliensis_DSC_6131.JPG,FUNED,dorsal,model,Micrurus,brasiliensis,Micrurusbrasiliensis,11/28/2024,images/A-snake-photos/FUNED_3308_Micrurus_brasiliensis_DSC_6131.JPG,DSC_6131.JPG,41b49c70c3bda2b8764540ab5c29135a,
3308,FUNED_3308_Micrurus_brasiliensis_DSC_6132.JPG,FUNED,dorsal,model,Micrurus,brasiliensis,Micrurusbrasiliensis,11/28/2024,images/A-snake-photos/FUNED_3308_Micrurus_brasiliensis_DSC_6132.JPG,DSC_6132.JPG,c24d8be1d4be3400985d352c25cd6a4b,
3308,FUNED_3308_Micrurus_brasiliensis_DSC_6133.JPG,FUNED,ventral,model,Micrurus,brasiliensis,Micrurusbrasiliensis,11/28/2024,images/A-snake-photos/FUNED_3308_Micrurus_brasiliensis_DSC_6133.JPG,DSC_6133.JPG,b113d457d602a7f8cf590f9057d2c8fd,
3308,FUNED_3308_Micrurus_brasiliensis_DSC_6134.JPG,FUNED,ventral,model,Micrurus,brasiliensis,Micrurusbrasiliensis,11/28/2024,images/A-snake-photos/FUNED_3308_Micrurus_brasiliensis_DSC_6134.JPG,DSC_6134.JPG,ad1a632bc9f343da6b26199e0ccabe0f,
3308,FUNED_3308_Micrurus_brasiliensis_DSC_6135.JPG,FUNED,ventral,model,Micrurus,brasiliensis,Micrurusbrasiliensis,11/28/2024,images/A-snake-photos/FUNED_3308_Micrurus_brasiliensis_DSC_6135.JPG,DSC_6135.JPG,61fd2599a2b65b6c7bf00ddbf7a89400,
3330,FUNED_3330_Helicops_angulatus_DSC_6280.JPG,FUNED,dorsal,mimic,Helicops,angulatus,Helicopsangulatus,11/29/2024,images/A-snake-photos/FUNED_3330_Helicops_angulatus_DSC_6280.JPG,DSC_6280.JPG,373b3649bfbc3888e9f0e1a0b5898db6,
3330,FUNED_3330_Helicops_angulatus_DSC_6281.JPG,FUNED,ventral,mimic,Helicops,angulatus,Helicopsangulatus,11/29/2024,images/A-snake-photos/FUNED_3330_Helicops_angulatus_DSC_6281.JPG,DSC_6281.JPG,74ed87ceb39de2c0ec2fe9b9bf52261c,
3337,FUNED_3337_Oxyrhopus_melanogenys_DSC_6224.JPG,FUNED,dorsal,mimic,Oxyrhopus,melanogenys,Oxyrhopusmelanogenys,11/28/2024,images/A-snake-photos/FUNED_3337_Oxyrhopus_melanogenys_DSC_6224.JPG,DSC_6224.JPG,a8db0ad8c9e0fff0105a0e9ef0ae49fe,
3337,FUNED_3337_Oxyrhopus_melanogenys_DSC_6225.JPG,FUNED,ventral,mimic,Oxyrhopus,melanogenys,Oxyrhopusmelanogenys,11/28/2024,images/A-snake-photos/FUNED_3337_Oxyrhopus_melanogenys_DSC_6225.JPG,DSC_6225.JPG,b32fbbcb86996a6f597a5fb982dde64d,
3346,FUNED_3346_Rodriguesophis_iglesiasi_DSC_6202.JPG,FUNED,dorsal,bad mimic,Rodriguesophis,iglesiasi,Rodriguesophisiglesiasi,11/28/2024,images/A-snake-photos/FUNED_3346_Rodriguesophis_iglesiasi_DSC_6202.JPG,DSC_6202.JPG,b70b2b5385c563c6d6d46862fe673304,
3346,FUNED_3346_Rodriguesophis_iglesiasi_DSC_6203.JPG,FUNED,dorsal,bad mimic,Rodriguesophis,iglesiasi,Rodriguesophisiglesiasi,11/28/2024,images/A-snake-photos/FUNED_3346_Rodriguesophis_iglesiasi_DSC_6203.JPG,DSC_6203.JPG,eac0032a0955d05227ecce64567b09dc,
3346,FUNED_3346_Rodriguesophis_iglesiasi_DSC_6204.JPG,FUNED,ventral,bad mimic,Rodriguesophis,iglesiasi,Rodriguesophisiglesiasi,11/28/2024,images/A-snake-photos/FUNED_3346_Rodriguesophis_iglesiasi_DSC_6204.JPG,DSC_6204.JPG,91433287292931def3c0ff43087023e2,
3391,FUNED_3391_Tantilla_boipiranga_DSC_6261.JPG,FUNED,dorsal,mimic,Tantilla,boipiranga,Tantillaboipiranga,11/29/2024,images/A-snake-photos/FUNED_3391_Tantilla_boipiranga_DSC_6261.JPG,DSC_6261.JPG,ec356f5549b014b84d44d1609c4b36da,
3391,FUNED_3391_Tantilla_boipiranga_DSC_6262.JPG,FUNED,ventral,mimic,Tantilla,boipiranga,Tantillaboipiranga,11/29/2024,images/A-snake-photos/FUNED_3391_Tantilla_boipiranga_DSC_6262.JPG,DSC_6262.JPG,851225a4c19c9384bf3efd78ab01aa5d,
3399,FUNED_3399_Micrurus_frontalis_DSC_6169.JPG,FUNED,dorsal,model,Micrurus,frontalis,Micrurusfrontalis,11/28/2024,images/A-snake-photos/FUNED_3399_Micrurus_frontalis_DSC_6169.JPG,DSC_6169.JPG,b9ccab19d1030d6e39dbb4759e9d1933,
3399,FUNED_3399_Micrurus_frontalis_DSC_6170.JPG,FUNED,ventral,model,Micrurus,frontalis,Micrurusfrontalis,11/28/2024,images/A-snake-photos/FUNED_3399_Micrurus_frontalis_DSC_6170.JPG,DSC_6170.JPG,772477c296034a70f604573f38aeaed4,
3405,FUNED_3405_Tantilla_boipiranga_DSC_6257.JPG,FUNED,dorsal,mimic,Tantilla,boipiranga,Tantillaboipiranga,11/29/2024,images/A-snake-photos/FUNED_3405_Tantilla_boipiranga_DSC_6257.JPG,DSC_6257.JPG,07d41cfaf29c49d418086d38d1d21867,
3405,FUNED_3405_Tantilla_boipiranga_DSC_6258.JPG,FUNED,ventral,mimic,Tantilla,boipiranga,Tantillaboipiranga,11/29/2024,images/A-snake-photos/FUNED_3405_Tantilla_boipiranga_DSC_6258.JPG,DSC_6258.JPG,fe04140c2d328701ad563fba89ab3481,
3416,FUNED_3416_Micrurus_frontalis_DSC_6173.JPG,FUNED,dorsal,model,Micrurus,frontalis,Micrurusfrontalis,11/28/2024,images/A-snake-photos/FUNED_3416_Micrurus_frontalis_DSC_6173.JPG,DSC_6173.JPG,7b6b346af4a378457d7c743a207ae3c9,
3416,FUNED_3416_Micrurus_frontalis_DSC_6174.JPG,FUNED,ventral,model,Micrurus,frontalis,Micrurusfrontalis,11/28/2024,images/A-snake-photos/FUNED_3416_Micrurus_frontalis_DSC_6174.JPG,DSC_6174.JPG,8e22e5c0c7a0195da45f2a8ffae5175a,
3416,FUNED_3416_Micrurus_frontalis_DSC_6175.JPG,FUNED,ventral,model,Micrurus,frontalis,Micrurusfrontalis,11/28/2024,images/A-snake-photos/FUNED_3416_Micrurus_frontalis_DSC_6175.JPG,DSC_6175.JPG,2860cbcdb931bff45ed9819f234fe8e1,
3517,FUNED_3517_Micrurus_frontalis_DSC_6165.JPG,FUNED,side,model,Micrurus,frontalis,Micrurusfrontalis,11/28/2024,images/A-snake-photos/FUNED_3517_Micrurus_frontalis_DSC_6165.JPG,DSC_6165.JPG,c8a92ec2061812302fa65bb6cca30edb,
3517,FUNED_3517_Micrurus_frontalis_DSC_6166.JPG,FUNED,side,model,Micrurus,frontalis,Micrurusfrontalis,11/28/2024,images/A-snake-photos/FUNED_3517_Micrurus_frontalis_DSC_6166.JPG,DSC_6166.JPG,65d8b365b3b73842de3a431201ed3d63,
3521,FUNED_3521_Erythrolamprus_aesculapii_DSC_6381.JPG,FUNED,ventral,mimic,Erythrolamprus,aesculapii,Erythrolamprusaesculapii,11/29/2024,images/A-snake-photos/FUNED_3521_Erythrolamprus_aesculapii_DSC_6381.JPG,DSC_6381.JPG,c14234e189dc3bf7decda4bf1e9d9b8e,
3521,FUNED_3521_Erythrolamprus_aesculapii_DSC_6382.JPG,FUNED,dorsal,mimic,Erythrolamprus,aesculapii,Erythrolamprusaesculapii,11/29/2024,images/A-snake-photos/FUNED_3521_Erythrolamprus_aesculapii_DSC_6382.JPG,DSC_6382.JPG,cbbcdd120550ffccc04d78c82c1118f8,
3567,FUNED_3567_Micrurus_frontalis_DSC_6171.JPG,FUNED,dorsal,model,Micrurus,frontalis,Micrurusfrontalis,11/28/2024,images/A-snake-photos/FUNED_3567_Micrurus_frontalis_DSC_6171.JPG,DSC_6171.JPG,3b011bd1111319ad495a6f681f1e9541,
3567,FUNED_3567_Micrurus_frontalis_DSC_6172.JPG,FUNED,ventral,model,Micrurus,frontalis,Micrurusfrontalis,11/28/2024,images/A-snake-photos/FUNED_3567_Micrurus_frontalis_DSC_6172.JPG,DSC_6172.JPG,e1f199c42c0b429f4d674967934aef7d,
3617,FUNED_3617_Erythrolamprus_aesculapii_DSC_6388.JPG,FUNED,dorsal,mimic,Erythrolamprus,aesculapii,Erythrolamprusaesculapii,11/29/2024,images/A-snake-photos/FUNED_3617_Erythrolamprus_aesculapii_DSC_6388.JPG,DSC_6388.JPG,948112812d420d77b65b180553b9b9b4,
3617,FUNED_3617_Erythrolamprus_aesculapii_DSC_6389.JPG,FUNED,ventral,mimic,Erythrolamprus,aesculapii,Erythrolamprusaesculapii,11/29/2024,images/A-snake-photos/FUNED_3617_Erythrolamprus_aesculapii_DSC_6389.JPG,DSC_6389.JPG,303fcbe87036221348cc21b839888449,
3648,FUNED_3648_Micrurus_frontalis_DSC_6440.JPG,FUNED,ventral,model,Micrurus,frontalis,Micrurusfrontalis,11/28/2024,images/A-snake-photos/FUNED_3648_Micrurus_frontalis_DSC_6440.JPG,DSC_6440.JPG,1382ed49ae5629d11bce33b119b7d4c0,
3648,FUNED_3648_Micrurus_frontalis_DSC_6441.JPG,FUNED,dorsal,model,Micrurus,frontalis,Micrurusfrontalis,11/28/2024,images/A-snake-photos/FUNED_3648_Micrurus_frontalis_DSC_6441.JPG,DSC_6441.JPG,da73f70ff827f6e8c34c1b5cf9994dac,
3650,FUNED_3650_Micrurus_frontalis_DSC_6193.JPG,FUNED,ventral,model,Micrurus,frontalis,Micrurusfrontalis,11/28/2024,images/A-snake-photos/FUNED_3650_Micrurus_frontalis_DSC_6193.JPG,DSC_6193.JPG,a38103345a5a7e8662381a16e4b395f2,
3650,FUNED_3650_Micrurus_frontalis_DSC_6194.JPG,FUNED,dorsal,model,Micrurus,frontalis,Micrurusfrontalis,11/28/2024,images/A-snake-photos/FUNED_3650_Micrurus_frontalis_DSC_6194.JPG,DSC_6194.JPG,20065baec09c480b9f131009d11b9411,
3694,FUNED_3694_Apostolepis_sanctaeritae_DSC_6232.JPG,FUNED,dorsal,mimic,Apostolepis,sanctaeritae,Apostolepissanctaeritae,11/28/2024,images/A-snake-photos/FUNED_3694_Apostolepis_sanctaeritae_DSC_6232.JPG,DSC_6232.JPG,62359c99c6273a119e34c65c5e689f2f,
3694,FUNED_3694_Apostolepis_sanctaeritae_DSC_6233.JPG,FUNED,ventral,mimic,Apostolepis,sanctaeritae,Apostolepissanctaeritae,11/28/2024,images/A-snake-photos/FUNED_3694_Apostolepis_sanctaeritae_DSC_6233.JPG,DSC_6233.JPG,5547937a8f0ca7b69de3410395ea7545,
3695,FUNED_3695_Apostolepis_sanctaeritae_DSC_6234.JPG,FUNED,dorsal,mimic,Apostolepis,sanctaeritae,Apostolepissanctaeritae,11/28/2024,images/A-snake-photos/FUNED_3695_Apostolepis_sanctaeritae_DSC_6234.JPG,DSC_6234.JPG,0e46b9be2c984ef935666ef84b7b6522,
3695,FUNED_3695_Apostolepis_sanctaeritae_DSC_6235.JPG,FUNED,ventral,mimic,Apostolepis,sanctaeritae,Apostolepissanctaeritae,11/28/2024,images/A-snake-photos/FUNED_3695_Apostolepis_sanctaeritae_DSC_6235.JPG,DSC_6235.JPG,66010cc930af4bab1f75c57fa89efcfe,
3757,FUNED_3757_Apostolepis_sanctaeritae_DSC_6230.JPG,FUNED,ventral,mimic,Apostolepis,sanctaeritae,Apostolepissanctaeritae,11/28/2024,images/A-snake-photos/FUNED_3757_Apostolepis_sanctaeritae_DSC_6230.JPG,DSC_6230.JPG,187b02a27f441ee006f1bcef600146a6,
3757,FUNED_3757_Apostolepis_sanctaeritae_DSC_6231.JPG,FUNED,dorsal,mimic,Apostolepis,sanctaeritae,Apostolepissanctaeritae,11/28/2024,images/A-snake-photos/FUNED_3757_Apostolepis_sanctaeritae_DSC_6231.JPG,DSC_6231.JPG,045eaa7ac2d20f0fd7f536bb2cfc8893,
3764,FUNED_3764_Oxyrhopus_guibei_DSC_6345.JPG,FUNED,dorsal,mimic,Oxyrhopus,guibei,Oxyrhopusguibei,11/29/2024,images/A-snake-photos/FUNED_3764_Oxyrhopus_guibei_DSC_6345.JPG,DSC_6345.JPG,56962f7f573079c6bb383d310220daf0,
3764,FUNED_3764_Oxyrhopus_guibei_DSC_6346.JPG,FUNED,ventral,mimic,Oxyrhopus,guibei,Oxyrhopusguibei,11/29/2024,images/A-snake-photos/FUNED_3764_Oxyrhopus_guibei_DSC_6346.JPG,DSC_6346.JPG,affc3f6f3030a798a87003a61562eca7,
3767,FUNED_3767_Oxyrhopus_guibei_DSC_6351.JPG,FUNED,dorsal,mimic,Oxyrhopus,guibei,Oxyrhopusguibei,11/29/2024,images/A-snake-photos/FUNED_3767_Oxyrhopus_guibei_DSC_6351.JPG,DSC_6351.JPG,e6cfa9158c1b93e0b2bf9b444bcaab63,
3767,FUNED_3767_Oxyrhopus_guibei_DSC_6352.JPG,FUNED,dorsal,mimic,Oxyrhopus,guibei,Oxyrhopusguibei,11/29/2024,images/A-snake-photos/FUNED_3767_Oxyrhopus_guibei_DSC_6352.JPG,DSC_6352.JPG,9a463e2178c98a9b634ad31b159bfbaf,
3767,FUNED_3767_Oxyrhopus_guibei_DSC_6353.JPG,FUNED,ventral,mimic,Oxyrhopus,guibei,Oxyrhopusguibei,11/29/2024,images/A-snake-photos/FUNED_3767_Oxyrhopus_guibei_DSC_6353.JPG,DSC_6353.JPG,542b1d90e82cd27ba18e5cefaf021ac6,
3767,FUNED_3767_Oxyrhopus_guibei_DSC_6361.JPG,FUNED,dorsal,mimic,Oxyrhopus,guibei,Oxyrhopusguibei,11/29/2024,images/A-snake-photos/FUNED_3767_Oxyrhopus_guibei_DSC_6361.JPG,DSC_6361.JPG,40d08f1d0970b3c08104c54fffefe0ad,
3767,FUNED_3767_Oxyrhopus_guibei_DSC_6362.JPG,FUNED,dorsal,mimic,Oxyrhopus,guibei,Oxyrhopusguibei,11/29/2024,images/A-snake-photos/FUNED_3767_Oxyrhopus_guibei_DSC_6362.JPG,DSC_6362.JPG,2c2b11bbe9f7d24dde7a48961cb0d848,
3767,FUNED_3767_Oxyrhopus_guibei_DSC_6363.JPG,FUNED,dorsal,mimic,Oxyrhopus,guibei,Oxyrhopusguibei,11/29/2024,images/A-snake-photos/FUNED_3767_Oxyrhopus_guibei_DSC_6363.JPG,DSC_6363.JPG,2dbf2705c2c95599d3bc3720b583eb73,
3767,FUNED_3767_Oxyrhopus_guibei_DSC_6364.JPG,FUNED,dorsal,mimic,Oxyrhopus,guibei,Oxyrhopusguibei,11/29/2024,images/A-snake-photos/FUNED_3767_Oxyrhopus_guibei_DSC_6364.JPG,DSC_6364.JPG,bcd4a15f67344209ca59103feeb8040d,
3767,FUNED_3767_Oxyrhopus_guibei_DSC_6365.JPG,FUNED,ventral,mimic,Oxyrhopus,guibei,Oxyrhopusguibei,11/29/2024,images/A-snake-photos/FUNED_3767_Oxyrhopus_guibei_DSC_6365.JPG,DSC_6365.JPG,78a73dcac20cc20931a8ca0095b6ca9a,
3791,FUNED_3791_Oxyrhopus_guibei_DSC_6339.JPG,FUNED,dorsal,mimic,Oxyrhopus,guibei,Oxyrhopusguibei,11/29/2024,images/A-snake-photos/FUNED_3791_Oxyrhopus_guibei_DSC_6339.JPG,DSC_6339.JPG,5798f50e04699086703c4696d15ce474,
3791,FUNED_3791_Oxyrhopus_guibei_DSC_6340.JPG,FUNED,ventral,mimic,Oxyrhopus,guibei,Oxyrhopusguibei,11/29/2024,images/A-snake-photos/FUNED_3791_Oxyrhopus_guibei_DSC_6340.JPG,DSC_6340.JPG,2a32c5e0577c8be1c71af74bfeec94ae,
3815,FUNED_3815_Oxyrhopus_guibei_DSC_6341.JPG,FUNED,dorsal,mimic,Oxyrhopus,guibei,Oxyrhopusguibei,11/29/2024,images/A-snake-photos/FUNED_3815_Oxyrhopus_guibei_DSC_6341.JPG,DSC_6341.JPG,eb1ec9f30c97c9349bc175ab8df60123,
3815,FUNED_3815_Oxyrhopus_guibei_DSC_6342.JPG,FUNED,ventral,mimic,Oxyrhopus,guibei,Oxyrhopusguibei,11/29/2024,images/A-snake-photos/FUNED_3815_Oxyrhopus_guibei_DSC_6342.JPG,DSC_6342.JPG,2564cb4e7d5d25d4d8ca45c3d20cb895,
3821,FUNED_3821_Micrurus_frontalis_DSC_6167.JPG,FUNED,ventral,model,Micrurus,frontalis,Micrurusfrontalis,11/28/2024,images/A-snake-photos/FUNED_3821_Micrurus_frontalis_DSC_6167.JPG,DSC_6167.JPG,8155379b26e94bad75600d3833ac5f64,
3821,FUNED_3821_Micrurus_frontalis_DSC_6168.JPG,FUNED,dorsal,model,Micrurus,frontalis,Micrurusfrontalis,11/28/2024,images/A-snake-photos/FUNED_3821_Micrurus_frontalis_DSC_6168.JPG,DSC_6168.JPG,b49567dffeabe0eed00d6c71e1a9e2dc,
3832,FUNED_3832_Micrurus_frontalis_DSC_6181.JPG,FUNED,dorsal,model,Micrurus,frontalis,Micrurusfrontalis,11/28/2024,images/A-snake-photos/FUNED_3832_Micrurus_frontalis_DSC_6181.JPG,DSC_6181.JPG,d7360579faf4866565285f32da186d72,
3832,FUNED_3832_Micrurus_frontalis_DSC_6182.JPG,FUNED,ventral,model,Micrurus,frontalis,Micrurusfrontalis,11/28/2024,images/A-snake-photos/FUNED_3832_Micrurus_frontalis_DSC_6182.JPG,DSC_6182.JPG,ae3b205dea813a1e1f2c49188a6cff72,
3839,FUNED_3839_Micrurus_frontalis_DSC_6179.JPG,FUNED,dorsal,model,Micrurus,frontalis,Micrurusfrontalis,11/28/2024,images/A-snake-photos/FUNED_3839_Micrurus_frontalis_DSC_6179.JPG,DSC_6179.JPG,8b6e86a8a0079850d2b3bd0a2baa22af,
3839,FUNED_3839_Micrurus_frontalis_DSC_6180.JPG,FUNED,ventral,model,Micrurus,frontalis,Micrurusfrontalis,11/28/2024,images/A-snake-photos/FUNED_3839_Micrurus_frontalis_DSC_6180.JPG,DSC_6180.JPG,5b428d579886881e72d2a2836d8feb70,
3860,FUNED_3860_Micrurus_frontalis_DSC_6190.JPG,FUNED,dorsal,model,Micrurus,frontalis,Micrurusfrontalis,11/28/2024,images/A-snake-photos/FUNED_3860_Micrurus_frontalis_DSC_6190.JPG,DSC_6190.JPG,ecd95d626f9a1873db6f2d6012bf94c5,
3860,FUNED_3860_Micrurus_frontalis_DSC_6191.JPG,FUNED,ventral,model,Micrurus,frontalis,Micrurusfrontalis,11/28/2024,images/A-snake-photos/FUNED_3860_Micrurus_frontalis_DSC_6191.JPG,DSC_6191.JPG,68b862642723ee715426ee239e1efd36,
3860,FUNED_3860_Micrurus_frontalis_DSC_6192.JPG,FUNED,ventral,model,Micrurus,frontalis,Micrurusfrontalis,11/28/2024,images/A-snake-photos/FUNED_3860_Micrurus_frontalis_DSC_6192.JPG,DSC_6192.JPG,d24824a86858d691c9cd02d26583a577,
3862,FUNED_3862_Micrurus_frontalis_DSC_6188.JPG,FUNED,dorsal,model,Micrurus,frontalis,Micrurusfrontalis,11/28/2024,images/A-snake-photos/FUNED_3862_Micrurus_frontalis_DSC_6188.JPG,DSC_6188.JPG,3ede4854eac4a0ad969cca3521fa6c30,
3862,FUNED_3862_Micrurus_frontalis_DSC_6189.JPG,FUNED,ventral,model,Micrurus,frontalis,Micrurusfrontalis,11/28/2024,images/A-snake-photos/FUNED_3862_Micrurus_frontalis_DSC_6189.JPG,DSC_6189.JPG,cd3f1c2d6c4210ad2aea8e8d3650eb6b,
3863,FUNED_3863_Simophis_rhinostoma_DSC_6304.JPG,FUNED,dorsal,mimic,Simophis,rhinostoma,Simophisrhinostoma,11/29/2024,images/A-snake-photos/FUNED_3863_Simophis_rhinostoma_DSC_6304.JPG,DSC_6304.JPG,6e52a52d22f88cfe3af0cd1159a086d0,
3863,FUNED_3863_Simophis_rhinostoma_DSC_6305.JPG,FUNED,ventral,mimic,Simophis,rhinostoma,Simophisrhinostoma,11/29/2024,images/A-snake-photos/FUNED_3863_Simophis_rhinostoma_DSC_6305.JPG,DSC_6305.JPG,08355d063f11fc58b028b76eab57f9c5,
3880,FUNED_3880_Micrurus_carvalhoi_DSC_6034.JPG,FUNED,dorsal,model,Micrurus,carvalhoi,Micruruscarvalhoi,11/28/2024,images/A-snake-photos/FUNED_3880_Micrurus_carvalhoi_DSC_6034.JPG,DSC_6034.JPG,612cfe18122d7069a33877c175a983b9,
3880,FUNED_3880_Micrurus_carvalhoi_DSC_6035.JPG,FUNED,ventral,model,Micrurus,carvalhoi,Micruruscarvalhoi,11/28/2024,images/A-snake-photos/FUNED_3880_Micrurus_carvalhoi_DSC_6035.JPG,DSC_6035.JPG,e4710538d41cb0bd560643cad3abd7c9,
3881,FUNED_3881_Oxyrhopus_guibei_DSC_6359.JPG,FUNED,dorsal,mimic,Oxyrhopus,guibei,Oxyrhopusguibei,11/29/2024,images/A-snake-photos/FUNED_3881_Oxyrhopus_guibei_DSC_6359.JPG,DSC_6359.JPG,deff76822b6d0f9d2708f15c2c189ff9,
3881,FUNED_3881_Oxyrhopus_guibei_DSC_6360.JPG,FUNED,ventral,mimic,Oxyrhopus,guibei,Oxyrhopusguibei,11/29/2024,images/A-snake-photos/FUNED_3881_Oxyrhopus_guibei_DSC_6360.JPG,DSC_6360.JPG,6f54b7c75871d8c6ec940bc7a5df53c0,
3882,FUNED_3882_Oxyrhopus_guibei_DSC_6356.JPG,FUNED,dorsal,mimic,Oxyrhopus,guibei,Oxyrhopusguibei,11/29/2024,images/A-snake-photos/FUNED_3882_Oxyrhopus_guibei_DSC_6356.JPG,DSC_6356.JPG,a4d98cf399ce211c0bde3a45a289a997,
3882,FUNED_3882_Oxyrhopus_guibei_DSC_6357.JPG,FUNED,ventral,mimic,Oxyrhopus,guibei,Oxyrhopusguibei,11/29/2024,images/A-snake-photos/FUNED_3882_Oxyrhopus_guibei_DSC_6357.JPG,DSC_6357.JPG,02cc0815b9dbda601d7fa8962bffc678,
3882,FUNED_3882_Oxyrhopus_guibei_DSC_6358.JPG,FUNED,ventral,mimic,Oxyrhopus,guibei,Oxyrhopusguibei,11/29/2024,images/A-snake-photos/FUNED_3882_Oxyrhopus_guibei_DSC_6358.JPG,DSC_6358.JPG,28ffad73c1b0a283417e36a612907ac2,
3901,FUNED_3901_Oxyrhopus_guibei_DSC_6337.JPG,FUNED,dorsal,mimic,Oxyrhopus,guibei,Oxyrhopusguibei,11/29/2024,images/A-snake-photos/FUNED_3901_Oxyrhopus_guibei_DSC_6337.JPG,DSC_6337.JPG,460ca6040d73c3bf80df2b50db69874c,
3901,FUNED_3901_Oxyrhopus_guibei_DSC_6338.JPG,FUNED,ventral,mimic,Oxyrhopus,guibei,Oxyrhopusguibei,11/29/2024,images/A-snake-photos/FUNED_3901_Oxyrhopus_guibei_DSC_6338.JPG,DSC_6338.JPG,a6c583ecd32e9e04710a4e0637f9b1ca,
3908,FUNED_3908_Erythrolamprus_aesculapii_DSC_6394.JPG,FUNED,dorsal,mimic,Erythrolamprus,aesculapii,Erythrolamprusaesculapii,11/29/2024,images/A-snake-photos/FUNED_3908_Erythrolamprus_aesculapii_DSC_6394.JPG,DSC_6394.JPG,8e500cc2fbd8d8a44ac67f338d4508bb,
3908,FUNED_3908_Erythrolamprus_aesculapii_DSC_6395.JPG,FUNED,ventral,mimic,Erythrolamprus,aesculapii,Erythrolamprusaesculapii,11/29/2024,images/A-snake-photos/FUNED_3908_Erythrolamprus_aesculapii_DSC_6395.JPG,DSC_6395.JPG,c7cd0a2f9ee8f4524574054285479c9c,
3916,FUNED_3916_Micrurus_lemniscatus_DSC_6138.JPG,FUNED,dorsal,model,Micrurus,lemniscatus,Micruruslemniscatus,11/28/2024,images/A-snake-photos/FUNED_3916_Micrurus_lemniscatus_DSC_6138.JPG,DSC_6138.JPG,ef399b45c172163f98e1ce4d5fd43e66,
3916,FUNED_3916_Micrurus_lemniscatus_DSC_6139.JPG,FUNED,ventral,model,Micrurus,lemniscatus,Micruruslemniscatus,11/28/2024,images/A-snake-photos/FUNED_3916_Micrurus_lemniscatus_DSC_6139.JPG,DSC_6139.JPG,adb898bd9c4ecb68c811a18732c3542e,
3916,FUNED_3916_Micrurus_lemniscatus_DSC_6140.JPG,FUNED,ventral,model,Micrurus,lemniscatus,Micruruslemniscatus,11/28/2024,images/A-snake-photos/FUNED_3916_Micrurus_lemniscatus_DSC_6140.JPG,DSC_6140.JPG,840db8eb5d296bb2f2c10543f3c3a104,
3916,FUNED_3916_Micrurus_lemniscatus_DSC_6141.JPG,FUNED,ventral,model,Micrurus,lemniscatus,Micruruslemniscatus,11/28/2024,images/A-snake-photos/FUNED_3916_Micrurus_lemniscatus_DSC_6141.JPG,DSC_6141.JPG,3041dde4243fe645cd624ef8484840d6,
3931,FUNED_3931_Tantilla_boipiranga_DSC_6263.JPG,FUNED,dorsal,mimic,Tantilla,boipiranga,Tantillaboipiranga,11/29/2024,images/A-snake-photos/FUNED_3931_Tantilla_boipiranga_DSC_6263.JPG,DSC_6263.JPG,f1d8a5716e09d24f78467d6f0019e3a4,
3931,FUNED_3931_Tantilla_boipiranga_DSC_6264.JPG,FUNED,ventral,mimic,Tantilla,boipiranga,Tantillaboipiranga,11/29/2024,images/A-snake-photos/FUNED_3931_Tantilla_boipiranga_DSC_6264.JPG,DSC_6264.JPG,6151433e7bb057a66e1633c0ed1b90c7,
3948,FUNED_3948_Erythrolamprus_aesculapii_DSC_6427.JPG,FUNED,dorsal,mimic,Erythrolamprus,aesculapii,Erythrolamprusaesculapii,11/29/2024,images/A-snake-photos/FUNED_3948_Erythrolamprus_aesculapii_DSC_6427.JPG,DSC_6427.JPG,f06c84e2dd103e8e438fe4b21cad3446,venustissimus
3948,FUNED_3948_Erythrolamprus_aesculapii_DSC_6428.JPG,FUNED,ventral,mimic,Erythrolamprus,aesculapii,Erythrolamprusaesculapii,11/29/2024,images/A-snake-photos/FUNED_3948_Erythrolamprus_aesculapii_DSC_6428.JPG,DSC_6428.JPG,45de867d86698d6895f80e43da85cc3c,venustissimus
3970,FUNED_3970_Micrurus_frontalis_DSC_6195.JPG,FUNED,dorsal,model,Micrurus,frontalis,Micrurusfrontalis,11/28/2024,images/A-snake-photos/FUNED_3970_Micrurus_frontalis_DSC_6195.JPG,DSC_6195.JPG,5c10ca8e6b3d5f11ee3206fada60dca6,
3970,FUNED_3970_Micrurus_frontalis_DSC_6196.JPG,FUNED,ventral,model,Micrurus,frontalis,Micrurusfrontalis,11/28/2024,images/A-snake-photos/FUNED_3970_Micrurus_frontalis_DSC_6196.JPG,DSC_6196.JPG,aca88dbb7dc4a5a3efde05d2d689ccb9,
3985,FUNED_3985_Oxyrhopus_guibei_DSC_6349.JPG,FUNED,dorsal,mimic,Oxyrhopus,guibei,Oxyrhopusguibei,11/29/2024,images/A-snake-photos/FUNED_3985_Oxyrhopus_guibei_DSC_6349.JPG,DSC_6349.JPG,f624e8d7cf32ca760a7ddee7381a415b,
3985,FUNED_3985_Oxyrhopus_guibei_DSC_6350.JPG,FUNED,ventral,mimic,Oxyrhopus,guibei,Oxyrhopusguibei,11/29/2024,images/A-snake-photos/FUNED_3985_Oxyrhopus_guibei_DSC_6350.JPG,DSC_6350.JPG,bbee405ad1f26e38675967e40d1de221,
4000,FUNED_4000_Micrurus_frontalis_DSC_6163.JPG,FUNED,side,model,Micrurus,frontalis,Micrurusfrontalis,11/28/2024,images/A-snake-photos/FUNED_4000_Micrurus_frontalis_DSC_6163.JPG,DSC_6163.JPG,fd7c3df7135d9c970e9888b518c55120,
4000,FUNED_4000_Micrurus_frontalis_DSC_6164.JPG,FUNED,side,model,Micrurus,frontalis,Micrurusfrontalis,11/28/2024,images/A-snake-photos/FUNED_4000_Micrurus_frontalis_DSC_6164.JPG,DSC_6164.JPG,039971219de53c15c048ee28f72fc3d9,
4016,FUNED_4016_Oxyrhopus_rhombifer_DSC_6366.JPG,FUNED,dorsal,mimic,Oxyrhopus,rhombifer,Oxyrhopusrhombifer,11/29/2024,images/A-snake-photos/FUNED_4016_Oxyrhopus_rhombifer_DSC_6366.JPG,DSC_6366.JPG,762f2a48b85cb0c3ec929615a9323e50,
4016,FUNED_4016_Oxyrhopus_rhombifer_DSC_6367.JPG,FUNED,ventral,mimic,Oxyrhopus,rhombifer,Oxyrhopusrhombifer,11/29/2024,images/A-snake-photos/FUNED_4016_Oxyrhopus_rhombifer_DSC_6367.JPG,DSC_6367.JPG,b00876fdbe8beba16de597e15f38740b,
4023,FUNED_4023_Oxyrhopus_guibei_DSC_6335.JPG,FUNED,dorsal,mimic,Oxyrhopus,guibei,Oxyrhopusguibei,11/29/2024,images/A-snake-photos/FUNED_4023_Oxyrhopus_guibei_DSC_6335.JPG,DSC_6335.JPG,e21f5fe3cbbe7fa50f906a0b9b459f50,
4023,FUNED_4023_Oxyrhopus_guibei_DSC_6336.JPG,FUNED,ventral,mimic,Oxyrhopus,guibei,Oxyrhopusguibei,11/29/2024,images/A-snake-photos/FUNED_4023_Oxyrhopus_guibei_DSC_6336.JPG,DSC_6336.JPG,8adc1b4d06a0c27beb10862e9777db48,
4029,FUNED_4029_Oxyrhopus_guibei_DSC_6347.JPG,FUNED,dorsal,mimic,Oxyrhopus,guibei,Oxyrhopusguibei,11/29/2024,images/A-snake-photos/FUNED_4029_Oxyrhopus_guibei_DSC_6347.JPG,DSC_6347.JPG,56b3d99e5b3fcfb2155550fef5b0ae8f,
4029,FUNED_4029_Oxyrhopus_guibei_DSC_6348.JPG,FUNED,ventral,mimic,Oxyrhopus,guibei,Oxyrhopusguibei,11/29/2024,images/A-snake-photos/FUNED_4029_Oxyrhopus_guibei_DSC_6348.JPG,DSC_6348.JPG,253a8d8f8588ac46263d239d776622b9,
4138,FUNED_4138_Micrurus_carvalhoi_DSC_6021.JPG,FUNED,dorsal,model,Micrurus,carvalhoi,Micruruscarvalhoi,11/28/2024,images/A-snake-photos/FUNED_4138_Micrurus_carvalhoi_DSC_6021.JPG,DSC_6021.JPG,a4ce44eba6a1e8697d36967100221f87,
4138,FUNED_4138_Micrurus_carvalhoi_DSC_6022.JPG,FUNED,ventral,model,Micrurus,carvalhoi,Micruruscarvalhoi,11/28/2024,images/A-snake-photos/FUNED_4138_Micrurus_carvalhoi_DSC_6022.JPG,DSC_6022.JPG,412e1b25f1394d80e30626ea2767f677,
4153,FUNED_4153_Micrurus_frontalis_DSC_6152.JPG,FUNED,dorsal,model,Micrurus,frontalis,Micrurusfrontalis,11/28/2024,images/A-snake-photos/FUNED_4153_Micrurus_frontalis_DSC_6152.JPG,DSC_6152.JPG,093819fc7dd1a0a7c5971a56b98902ff,
4153,FUNED_4153_Micrurus_frontalis_DSC_6153.JPG,FUNED,dorsal,model,Micrurus,frontalis,Micrurusfrontalis,11/28/2024,images/A-snake-photos/FUNED_4153_Micrurus_frontalis_DSC_6153.JPG,DSC_6153.JPG,6d88de007dac608332c933e1430922a5,
4153,FUNED_4153_Micrurus_frontalis_DSC_6154.JPG,FUNED,ventral,model,Micrurus,frontalis,Micrurusfrontalis,11/28/2024,images/A-snake-photos/FUNED_4153_Micrurus_frontalis_DSC_6154.JPG,DSC_6154.JPG,fe3291425e56d69e0b3a02069c8013d9,
4179,FUNED_4179_Erythrolamprus_aesculapii_DSC_6370.JPG,FUNED,dorsal,mimic,Erythrolamprus,aesculapii,Erythrolamprusaesculapii,11/29/2024,images/A-snake-photos/FUNED_4179_Erythrolamprus_aesculapii_DSC_6370.JPG,DSC_6370.JPG,89415e7c05e412e9cb741cb8d5fbba06,
4179,FUNED_4179_Erythrolamprus_aesculapii_DSC_6371.JPG,FUNED,ventral,mimic,Erythrolamprus,aesculapii,Erythrolamprusaesculapii,11/29/2024,images/A-snake-photos/FUNED_4179_Erythrolamprus_aesculapii_DSC_6371.JPG,DSC_6371.JPG,a30e09614b9046d314085e0fd3a88841,
4192,FUNED_4192_Micrurus_frontalis_DSC_6200.JPG,FUNED,dorsal,model,Micrurus,frontalis,Micrurusfrontalis,11/28/2024,images/A-snake-photos/FUNED_4192_Micrurus_frontalis_DSC_6200.JPG,DSC_6200.JPG,0fdcc6a203c6cddbf5ca60c73ec3ae4c,
4192,FUNED_4192_Micrurus_frontalis_DSC_6201.JPG,FUNED,ventral,model,Micrurus,frontalis,Micrurusfrontalis,11/28/2024,images/A-snake-photos/FUNED_4192_Micrurus_frontalis_DSC_6201.JPG,DSC_6201.JPG,469e07d7ba3194a17705aa690c083e05,
4222,FUNED_4222_Oxyrhopus_guibei_DSC_6354.JPG,FUNED,dorsal,mimic,Oxyrhopus,guibei,Oxyrhopusguibei,11/29/2024,images/A-snake-photos/FUNED_4222_Oxyrhopus_guibei_DSC_6354.JPG,DSC_6354.JPG,2b7f8259e5e9c3c211454387995db661,
4222,FUNED_4222_Oxyrhopus_guibei_DSC_6355.JPG,FUNED,ventral,mimic,Oxyrhopus,guibei,Oxyrhopusguibei,11/29/2024,images/A-snake-photos/FUNED_4222_Oxyrhopus_guibei_DSC_6355.JPG,DSC_6355.JPG,41079816adc4b32d3bff578d22d3f656,
4226,FUNED_4226_Micrurus_frontalis_DSC_6150.JPG,FUNED,dorsal,model,Micrurus,frontalis,Micrurusfrontalis,11/28/2024,images/A-snake-photos/FUNED_4226_Micrurus_frontalis_DSC_6150.JPG,DSC_6150.JPG,b2fcb2a2c14dfd0b0cee3154d5c2a9ff,
4226,FUNED_4226_Micrurus_frontalis_DSC_6151.JPG,FUNED,ventral,model,Micrurus,frontalis,Micrurusfrontalis,11/28/2024,images/A-snake-photos/FUNED_4226_Micrurus_frontalis_DSC_6151.JPG,DSC_6151.JPG,d7d66cd05005b80f3ae332f7d932c343,
4227,FUNED_4227_Oxyrhopus_guibei_DSC_6343.JPG,FUNED,dorsal,mimic,Oxyrhopus,guibei,Oxyrhopusguibei,11/29/2024,images/A-snake-photos/FUNED_4227_Oxyrhopus_guibei_DSC_6343.JPG,DSC_6343.JPG,fb476c4d29c56df2b2376039068f3e1c,
4227,FUNED_4227_Oxyrhopus_guibei_DSC_6344.JPG,FUNED,ventral,mimic,Oxyrhopus,guibei,Oxyrhopusguibei,11/29/2024,images/A-snake-photos/FUNED_4227_Oxyrhopus_guibei_DSC_6344.JPG,DSC_6344.JPG,4834ff88428a14434295bab80653b6d1,
4245,FUNED_4245_Oxyrhopus_guibei_DSC_6328.JPG,FUNED,dorsal,mimic,Oxyrhopus,guibei,Oxyrhopusguibei,11/29/2024,images/A-snake-photos/FUNED_4245_Oxyrhopus_guibei_DSC_6328.JPG,DSC_6328.JPG,67f3827e8f00c086f0d5bc749fabe94b,
4245,FUNED_4245_Oxyrhopus_guibei_DSC_6329.JPG,FUNED,ventral,mimic,Oxyrhopus,guibei,Oxyrhopusguibei,11/29/2024,images/A-snake-photos/FUNED_4245_Oxyrhopus_guibei_DSC_6329.JPG,DSC_6329.JPG,4121a2814d78ed188d6589094e29742c,
4253,FUNED_4253_Erythrolamprus_aesculapii_DSC_6372.JPG,FUNED,dorsal,mimic,Erythrolamprus,aesculapii,Erythrolamprusaesculapii,11/29/2024,images/A-snake-photos/FUNED_4253_Erythrolamprus_aesculapii_DSC_6372.JPG,DSC_6372.JPG,a0d442e07148759a0345bba2907ee0b8,
4253,FUNED_4253_Erythrolamprus_aesculapii_DSC_6373.JPG,FUNED,ventral,mimic,Erythrolamprus,aesculapii,Erythrolamprusaesculapii,11/29/2024,images/A-snake-photos/FUNED_4253_Erythrolamprus_aesculapii_DSC_6373.JPG,DSC_6373.JPG,a6ea7f15b62e06a8491bcfe1d0cfd2a3,
4282,FUNED_4282_Erythrolamprus_aesculapii_DSC_6374.JPG,FUNED,dorsal,mimic,Erythrolamprus,aesculapii,Erythrolamprusaesculapii,11/29/2024,images/A-snake-photos/FUNED_4282_Erythrolamprus_aesculapii_DSC_6374.JPG,DSC_6374.JPG,d8755e039302f0da84bf75aa146b7c1c,
4282,FUNED_4282_Erythrolamprus_aesculapii_DSC_6375.JPG,FUNED,ventral,mimic,Erythrolamprus,aesculapii,Erythrolamprusaesculapii,11/29/2024,images/A-snake-photos/FUNED_4282_Erythrolamprus_aesculapii_DSC_6375.JPG,DSC_6375.JPG,f57e5b549ae2c6ccfc1efc1563234ceb,
4284,FUNED_4284_Micrurus_frontalis_DSC_6155.JPG,FUNED,dorsal,model,Micrurus,frontalis,Micrurusfrontalis,11/28/2024,images/A-snake-photos/FUNED_4284_Micrurus_frontalis_DSC_6155.JPG,DSC_6155.JPG,e2f3f0d48f4175114abc011216f0fb47,
4284,FUNED_4284_Micrurus_frontalis_DSC_6156.JPG,FUNED,ventral,model,Micrurus,frontalis,Micrurusfrontalis,11/28/2024,images/A-snake-photos/FUNED_4284_Micrurus_frontalis_DSC_6156.JPG,DSC_6156.JPG,2206a3a6dd3845adc22ddd166e57cad4,
4284,FUNED_4284_Micrurus_frontalis_DSC_6157.JPG,FUNED,ventral,model,Micrurus,frontalis,Micrurusfrontalis,11/28/2024,images/A-snake-photos/FUNED_4284_Micrurus_frontalis_DSC_6157.JPG,DSC_6157.JPG,eb8459ea9975fb930150a7d43a2cca40,
4291,FUNED_4291_Oxyrhopus_guibei_DSC_6332.JPG,FUNED,dorsal,mimic,Oxyrhopus,guibei,Oxyrhopusguibei,11/29/2024,images/A-snake-photos/FUNED_4291_Oxyrhopus_guibei_DSC_6332.JPG,DSC_6332.JPG,7a42abd887e9029e451325087c61a8d9,
4291,FUNED_4291_Oxyrhopus_guibei_DSC_6333.JPG,FUNED,dorsal,mimic,Oxyrhopus,guibei,Oxyrhopusguibei,11/29/2024,images/A-snake-photos/FUNED_4291_Oxyrhopus_guibei_DSC_6333.JPG,DSC_6333.JPG,3f8c150d6d0094dd013ce482132feaab,
4291,FUNED_4291_Oxyrhopus_guibei_DSC_6334.JPG,FUNED,ventral,mimic,Oxyrhopus,guibei,Oxyrhopusguibei,11/29/2024,images/A-snake-photos/FUNED_4291_Oxyrhopus_guibei_DSC_6334.JPG,DSC_6334.JPG,12e16345d03ea66b8e8436c2bff10148,
4293,FUNED_4293_Micrurus_corallinus_DSC_6079.JPG,FUNED,dorsal,model,Micrurus,corallinus,Micruruscorallinus,11/28/2024,images/A-snake-photos/FUNED_4293_Micrurus_corallinus_DSC_6079.JPG,DSC_6079.JPG,ad7d71d1d72d86d05e7f202d03d39020,
4293,FUNED_4293_Micrurus_corallinus_DSC_6080.JPG,FUNED,ventral,model,Micrurus,corallinus,Micruruscorallinus,11/28/2024,images/A-snake-photos/FUNED_4293_Micrurus_corallinus_DSC_6080.JPG,DSC_6080.JPG,6e7a0703535989bbd56ad54d778467f6,
4327,FUNED_4327_Erythrolamprus_aesculapii_DSC_6368.JPG,FUNED,dorsal,mimic,Erythrolamprus,aesculapii,Erythrolamprusaesculapii,11/29/2024,images/A-snake-photos/FUNED_4327_Erythrolamprus_aesculapii_DSC_6368.JPG,DSC_6368.JPG,5dba55d0b2db09e34153b3e622a926f8,
4327,FUNED_4327_Erythrolamprus_aesculapii_DSC_6369.JPG,FUNED,ventral,mimic,Erythrolamprus,aesculapii,Erythrolamprusaesculapii,11/29/2024,images/A-snake-photos/FUNED_4327_Erythrolamprus_aesculapii_DSC_6369.JPG,DSC_6369.JPG,88335d03b08b71b2607b22f2d8559663,
4367,FUNED_4367_Micrurus_frontalis_DSC_6197.JPG,FUNED,dorsal,model,Micrurus,frontalis,Micrurusfrontalis,11/28/2024,images/A-snake-photos/FUNED_4367_Micrurus_frontalis_DSC_6197.JPG,DSC_6197.JPG,876a511afc3a9072bb3af30f1faf8cd4,
4367,FUNED_4367_Micrurus_frontalis_DSC_6198.JPG,FUNED,ventral,model,Micrurus,frontalis,Micrurusfrontalis,11/28/2024,images/A-snake-photos/FUNED_4367_Micrurus_frontalis_DSC_6198.JPG,DSC_6198.JPG,0939ff12fe8b1d17da5c05f34ac2ee88,
4367,FUNED_4367_Micrurus_frontalis_DSC_6199.JPG,FUNED,ventral,model,Micrurus,frontalis,Micrurusfrontalis,11/28/2024,images/A-snake-photos/FUNED_4367_Micrurus_frontalis_DSC_6199.JPG,DSC_6199.JPG,f04ef760e1bc40f3dcd12fa697219914,
4441,FUNED_4441_Oxyrhopus_guibei_DSC_6330.JPG,FUNED,dorsal,mimic,Oxyrhopus,guibei,Oxyrhopusguibei,11/29/2024,images/A-snake-photos/FUNED_4441_Oxyrhopus_guibei_DSC_6330.JPG,DSC_6330.JPG,916257342659e61ea11b70e7bfde889b,
4441,FUNED_4441_Oxyrhopus_guibei_DSC_6331.JPG,FUNED,ventral,mimic,Oxyrhopus,guibei,Oxyrhopusguibei,11/29/2024,images/A-snake-photos/FUNED_4441_Oxyrhopus_guibei_DSC_6331.JPG,DSC_6331.JPG,65c1142247ad9a8b01fc553da424122f,
4469,FUNED_4469_Micrurus_carvalhoi_DSC_6061.JPG,FUNED,dorsal,model,Micrurus,carvalhoi,Micruruscarvalhoi,11/28/2024,images/A-snake-photos/FUNED_4469_Micrurus_carvalhoi_DSC_6061.JPG,DSC_6061.JPG,48d8cfbf4513f723604a913f43e33883,
4469,FUNED_4469_Micrurus_carvalhoi_DSC_6062.JPG,FUNED,ventral,model,Micrurus,carvalhoi,Micruruscarvalhoi,11/28/2024,images/A-snake-photos/FUNED_4469_Micrurus_carvalhoi_DSC_6062.JPG,DSC_6062.JPG,b24929ef65f3c99be9ecdf5b783b60ca,
4537,FUNED_4537_Micrurus_frontalis_DSC_6158.JPG,FUNED,dorsal,model,Micrurus,frontalis,Micrurusfrontalis,11/28/2024,images/A-snake-photos/FUNED_4537_Micrurus_frontalis_DSC_6158.JPG,DSC_6158.JPG,ad18d91449976f3ae20d44814b881185,
4537,FUNED_4537_Micrurus_frontalis_DSC_6159.JPG,FUNED,ventral,model,Micrurus,frontalis,Micrurusfrontalis,11/28/2024,images/A-snake-photos/FUNED_4537_Micrurus_frontalis_DSC_6159.JPG,DSC_6159.JPG,4df72c5d6b64b79101f61c0ce024a690,
4541,FUNED_4541_Micrurus_carvalhoi_DSC_6036.JPG,FUNED,dorsal,model,Micrurus,carvalhoi,Micruruscarvalhoi,11/28/2024,images/A-snake-photos/FUNED_4541_Micrurus_carvalhoi_DSC_6036.JPG,DSC_6036.JPG,ba92129586d794224f4ea50d7c9efdca,
4541,FUNED_4541_Micrurus_carvalhoi_DSC_6037.JPG,FUNED,ventral,model,Micrurus,carvalhoi,Micruruscarvalhoi,11/28/2024,images/A-snake-photos/FUNED_4541_Micrurus_carvalhoi_DSC_6037.JPG,DSC_6037.JPG,cb171582ce416d22a439cf9485b70ef3,
4548,FUNED_4548_Micrurus_carvalhoi_DSC_6032.JPG,FUNED,side,model,Micrurus,carvalhoi,Micruruscarvalhoi,11/28/2024,images/A-snake-photos/FUNED_4548_Micrurus_carvalhoi_DSC_6032.JPG,DSC_6032.JPG,623ef81c02500f4f727b95544fd01888,
4548,FUNED_4548_Micrurus_carvalhoi_DSC_6033.JPG,FUNED,side,model,Micrurus,carvalhoi,Micruruscarvalhoi,11/28/2024,images/A-snake-photos/FUNED_4548_Micrurus_carvalhoi_DSC_6033.JPG,DSC_6033.JPG,48f5d7dd10da31eaff46f4b810445346,
4549,FUNED_4549_Micrurus_carvalhoi_DSC_6045.JPG,FUNED,dorsal,model,Micrurus,carvalhoi,Micruruscarvalhoi,11/28/2024,images/A-snake-photos/FUNED_4549_Micrurus_carvalhoi_DSC_6045.JPG,DSC_6045.JPG,9ac938bdb2c4395af43bfefb07a5a1ad,
4549,FUNED_4549_Micrurus_carvalhoi_DSC_6046.JPG,FUNED,ventral,model,Micrurus,carvalhoi,Micruruscarvalhoi,11/28/2024,images/A-snake-photos/FUNED_4549_Micrurus_carvalhoi_DSC_6046.JPG,DSC_6046.JPG,d50930cc4fda0d9b8ba3d30f3c1285df,
4549,FUNED_4549_Micrurus_carvalhoi_DSC_6047.JPG,FUNED,ventral,model,Micrurus,carvalhoi,Micruruscarvalhoi,11/28/2024,images/A-snake-photos/FUNED_4549_Micrurus_carvalhoi_DSC_6047.JPG,DSC_6047.JPG,9e7c8d734e9343a0f9ae85fc0dea5e0d,
4552,FUNED_4552_Micrurus_carvalhoi_DSC_6053.JPG,FUNED,dorsal,model,Micrurus,carvalhoi,Micruruscarvalhoi,11/28/2024,images/A-snake-photos/FUNED_4552_Micrurus_carvalhoi_DSC_6053.JPG,DSC_6053.JPG,471d01a10b8ecc73deecd8c6e7653c97,
4552,FUNED_4552_Micrurus_carvalhoi_DSC_6054.JPG,FUNED,ventral,model,Micrurus,carvalhoi,Micruruscarvalhoi,11/28/2024,images/A-snake-photos/FUNED_4552_Micrurus_carvalhoi_DSC_6054.JPG,DSC_6054.JPG,9652f9f9c0414193d0f5133c9d099143,
4560,FUNED_4560_Micrurus_carvalhoi_DSC_6048.JPG,FUNED,dorsal,model,Micrurus,carvalhoi,Micruruscarvalhoi,11/28/2024,images/A-snake-photos/FUNED_4560_Micrurus_carvalhoi_DSC_6048.JPG,DSC_6048.JPG,528724669e2de50bb3cbd42f8e8d9cc2,
4560,FUNED_4560_Micrurus_carvalhoi_DSC_6049.JPG,FUNED,ventral,model,Micrurus,carvalhoi,Micruruscarvalhoi,11/28/2024,images/A-snake-photos/FUNED_4560_Micrurus_carvalhoi_DSC_6049.JPG,DSC_6049.JPG,23ab7669470d8a2c35c5c33429b05e97,
4563,FUNED_4563_Micrurus_carvalhoi_DSC_6043.JPG,FUNED,side,model,Micrurus,carvalhoi,Micruruscarvalhoi,11/28/2024,images/A-snake-photos/FUNED_4563_Micrurus_carvalhoi_DSC_6043.JPG,DSC_6043.JPG,9b740933952b66bbb0f8ada3539f0dcb,
4563,FUNED_4563_Micrurus_carvalhoi_DSC_6044.JPG,FUNED,side,model,Micrurus,carvalhoi,Micruruscarvalhoi,11/28/2024,images/A-snake-photos/FUNED_4563_Micrurus_carvalhoi_DSC_6044.JPG,DSC_6044.JPG,643afe2d0f81a52033ed398d2a62d2d7,
4564,FUNED_4564_Micrurus_carvalhoi_DSC_6059.JPG,FUNED,dorsal,model,Micrurus,carvalhoi,Micruruscarvalhoi,11/28/2024,images/A-snake-photos/FUNED_4564_Micrurus_carvalhoi_DSC_6059.JPG,DSC_6059.JPG,0dcd01f415795f8c1b2d249ec3b177d3,
4564,FUNED_4564_Micrurus_carvalhoi_DSC_6060.JPG,FUNED,ventral,model,Micrurus,carvalhoi,Micruruscarvalhoi,11/28/2024,images/A-snake-photos/FUNED_4564_Micrurus_carvalhoi_DSC_6060.JPG,DSC_6060.JPG,a77e231971450408ea78544c0db449d2,
4583,FUNED_4583_Micrurus_carvalhoi_DSC_6055.JPG,FUNED,side,model,Micrurus,carvalhoi,Micruruscarvalhoi,11/28/2024,images/A-snake-photos/FUNED_4583_Micrurus_carvalhoi_DSC_6055.JPG,DSC_6055.JPG,550f8eba818dfee2e84757c5bbb6d8af,
4583,FUNED_4583_Micrurus_carvalhoi_DSC_6056.JPG,FUNED,side,model,Micrurus,carvalhoi,Micruruscarvalhoi,11/28/2024,images/A-snake-photos/FUNED_4583_Micrurus_carvalhoi_DSC_6056.JPG,DSC_6056.JPG,d1f57c69543a401c23004dd2faeb4d0b,
4587,FUNED_4587_Oxyrhopus_guibei_DSC_6324.JPG,FUNED,dorsal,mimic,Oxyrhopus,guibei,Oxyrhopusguibei,11/29/2024,images/A-snake-photos/FUNED_4587_Oxyrhopus_guibei_DSC_6324.JPG,DSC_6324.JPG,243f7372a51d4f84ab2c57cdc9124e08,
4587,FUNED_4587_Oxyrhopus_guibei_DSC_6325.JPG,FUNED,ventral,mimic,Oxyrhopus,guibei,Oxyrhopusguibei,11/29/2024,images/A-snake-photos/FUNED_4587_Oxyrhopus_guibei_DSC_6325.JPG,DSC_6325.JPG,00891b7e7ae39089e35a576449521f0a,
4613,FUNED_4613_Micrurus_corallinus_DSC_6092.JPG,FUNED,dorsal,model,Micrurus,corallinus,Micruruscorallinus,11/28/2024,images/A-snake-photos/FUNED_4613_Micrurus_corallinus_DSC_6092.JPG,DSC_6092.JPG,0cc315822bcc4ffa1eeb5a37c683874d,
4613,FUNED_4613_Micrurus_corallinus_DSC_6093.JPG,FUNED,ventral,model,Micrurus,corallinus,Micruruscorallinus,11/28/2024,images/A-snake-photos/FUNED_4613_Micrurus_corallinus_DSC_6093.JPG,DSC_6093.JPG,4ea0b7f639591249ea4e917af0c2bbf6,
4638,FUNED_4638_Micrurus_carvalhoi_DSC_6051.JPG,FUNED,dorsal,model,Micrurus,carvalhoi,Micruruscarvalhoi,11/28/2024,images/A-snake-photos/FUNED_4638_Micrurus_carvalhoi_DSC_6051.JPG,DSC_6051.JPG,025f24d810685d7910f1ac96159b82c0,
4638,FUNED_4638_Micrurus_carvalhoi_DSC_6052.JPG,FUNED,ventral,model,Micrurus,carvalhoi,Micruruscarvalhoi,11/28/2024,images/A-snake-photos/FUNED_4638_Micrurus_carvalhoi_DSC_6052.JPG,DSC_6052.JPG,d4d925aeba5f64117bf47485f9c9be8e,
4701,FUNED_4701_Micrurus_frontalis_DSC_6160.JPG,FUNED,dorsal,model,Micrurus,frontalis,Micrurusfrontalis,11/28/2024,images/A-snake-photos/FUNED_4701_Micrurus_frontalis_DSC_6160.JPG,DSC_6160.JPG,52f8e8ec8aa594f5273361d9ff1721b1,
4701,FUNED_4701_Micrurus_frontalis_DSC_6161.JPG,FUNED,ventral,model,Micrurus,frontalis,Micrurusfrontalis,11/28/2024,images/A-snake-photos/FUNED_4701_Micrurus_frontalis_DSC_6161.JPG,DSC_6161.JPG,467de2c854626e9a92ece4f004ae0de6,
4708,FUNED_4708_Micrurus_carvalhoi_DSC_6040.JPG,FUNED,dorsal,model,Micrurus,carvalhoi,Micruruscarvalhoi,11/28/2024,images/A-snake-photos/FUNED_4708_Micrurus_carvalhoi_DSC_6040.JPG,DSC_6040.JPG,154d5ea845eacf34cff478bb93abb86d,
4708,FUNED_4708_Micrurus_carvalhoi_DSC_6041.JPG,FUNED,dorsal,model,Micrurus,carvalhoi,Micruruscarvalhoi,11/28/2024,images/A-snake-photos/FUNED_4708_Micrurus_carvalhoi_DSC_6041.JPG,DSC_6041.JPG,3e1ddbc1b43ad5db6b418834b7f575d9,
4708,FUNED_4708_Micrurus_carvalhoi_DSC_6042.JPG,FUNED,ventral,model,Micrurus,carvalhoi,Micruruscarvalhoi,11/28/2024,images/A-snake-photos/FUNED_4708_Micrurus_carvalhoi_DSC_6042.JPG,DSC_6042.JPG,f8e4c0846c3b9aed6cade88923a4bbe7,
4709,FUNED_4709_Micrurus_carvalhoi_DSC_6057.JPG,FUNED,dorsal,model,Micrurus,carvalhoi,Micruruscarvalhoi,11/28/2024,images/A-snake-photos/FUNED_4709_Micrurus_carvalhoi_DSC_6057.JPG,DSC_6057.JPG,0b930d326d66590c0ee252abdfbd1270,
4709,FUNED_4709_Micrurus_carvalhoi_DSC_6058.JPG,FUNED,ventral,model,Micrurus,carvalhoi,Micruruscarvalhoi,11/28/2024,images/A-snake-photos/FUNED_4709_Micrurus_carvalhoi_DSC_6058.JPG,DSC_6058.JPG,81c296da72b718be56712d4655c2135f,
4716,FUNED_4716_Oxyrhopus_guibei_DSC_6326.JPG,FUNED,dorsal,mimic,Oxyrhopus,guibei,Oxyrhopusguibei,11/29/2024,images/A-snake-photos/FUNED_4716_Oxyrhopus_guibei_DSC_6326.JPG,DSC_6326.JPG,6de86ca9e3dd92a2c4c694230c39833c,
4716,FUNED_4716_Oxyrhopus_guibei_DSC_6327.JPG,FUNED,ventral,mimic,Oxyrhopus,guibei,Oxyrhopusguibei,11/29/2024,images/A-snake-photos/FUNED_4716_Oxyrhopus_guibei_DSC_6327.JPG,DSC_6327.JPG,8e33e3ff8ac7b59f925ff2e564162549,
4722,FUNED_4722_Micrurus_carvalhoi_DSC_6023.JPG,FUNED,dorsal,model,Micrurus,carvalhoi,Micruruscarvalhoi,11/28/2024,images/A-snake-photos/FUNED_4722_Micrurus_carvalhoi_DSC_6023.JPG,DSC_6023.JPG,9267b69d0a07fc2d87d5197e286a51a5,
4722,FUNED_4722_Micrurus_carvalhoi_DSC_6024.JPG,FUNED,ventral,model,Micrurus,carvalhoi,Micruruscarvalhoi,11/28/2024,images/A-snake-photos/FUNED_4722_Micrurus_carvalhoi_DSC_6024.JPG,DSC_6024.JPG,12dc3406417dbed7f7f70a39ba69f8a7,
4723,FUNED_4723_Micrurus_carvalhoi_DSC_6025.JPG,FUNED,dorsal,model,Micrurus,carvalhoi,Micruruscarvalhoi,11/28/2024,images/A-snake-photos/FUNED_4723_Micrurus_carvalhoi_DSC_6025.JPG,DSC_6025.JPG,b9077d2e50e07eebb75305ce7c69eab9,
4723,FUNED_4723_Micrurus_carvalhoi_DSC_6026.JPG,FUNED,dorsal,model,Micrurus,carvalhoi,Micruruscarvalhoi,11/28/2024,images/A-snake-photos/FUNED_4723_Micrurus_carvalhoi_DSC_6026.JPG,DSC_6026.JPG,28e740511d344e2c03a45ecf8f91df84,
4723,FUNED_4723_Micrurus_carvalhoi_DSC_6027.JPG,FUNED,dorsal,model,Micrurus,carvalhoi,Micruruscarvalhoi,11/28/2024,images/A-snake-photos/FUNED_4723_Micrurus_carvalhoi_DSC_6027.JPG,DSC_6027.JPG,1e632ca1047fbe1f105d2b2fae49933e,
4723,FUNED_4723_Micrurus_carvalhoi_DSC_6028.JPG,FUNED,dorsal,model,Micrurus,carvalhoi,Micruruscarvalhoi,11/28/2024,images/A-snake-photos/FUNED_4723_Micrurus_carvalhoi_DSC_6028.JPG,DSC_6028.JPG,6cae4cd443f5e16d3835ec1f627efba9,
4723,FUNED_4723_Micrurus_carvalhoi_DSC_6029.JPG,FUNED,dorsal,model,Micrurus,carvalhoi,Micruruscarvalhoi,11/28/2024,images/A-snake-photos/FUNED_4723_Micrurus_carvalhoi_DSC_6029.JPG,DSC_6029.JPG,8fe16e47a24c94ddda9d473d8069fa54,
4723,FUNED_4723_Micrurus_carvalhoi_DSC_6030.JPG,FUNED,dorsal,model,Micrurus,carvalhoi,Micruruscarvalhoi,11/28/2024,images/A-snake-photos/FUNED_4723_Micrurus_carvalhoi_DSC_6030.JPG,DSC_6030.JPG,14de8d6797c77b89f2982404c1cafcc5,
4723,FUNED_4723_Micrurus_carvalhoi_DSC_6031.JPG,FUNED,ventral,model,Micrurus,carvalhoi,Micruruscarvalhoi,11/28/2024,images/A-snake-photos/FUNED_4723_Micrurus_carvalhoi_DSC_6031.JPG,DSC_6031.JPG,d89127e3113f067b45faf6a481770aad,
4725,FUNED_4725_Micrurus_carvalhoi_DSC_6038.JPG,FUNED,dorsal,model,Micrurus,carvalhoi,Micruruscarvalhoi,11/28/2024,images/A-snake-photos/FUNED_4725_Micrurus_carvalhoi_DSC_6038.JPG,DSC_6038.JPG,262dc973a98124b3f4f954683ecc3dfd,
4725,FUNED_4725_Micrurus_carvalhoi_DSC_6039.JPG,FUNED,ventral,model,Micrurus,carvalhoi,Micruruscarvalhoi,11/28/2024,images/A-snake-photos/FUNED_4725_Micrurus_carvalhoi_DSC_6039.JPG,DSC_6039.JPG,4bf2d732aedb4d8605c9bf2cde9fe4d2,
4738,FUNED_4738_Micrurus_carvalhoi_DSC_6015.JPG,FUNED,dorsal,model,Micrurus,carvalhoi,Micruruscarvalhoi,11/28/2024,images/A-snake-photos/FUNED_4738_Micrurus_carvalhoi_DSC_6015.JPG,DSC_6015.JPG,bb7f92a69596470f0b3755351f877911,
4738,FUNED_4738_Micrurus_carvalhoi_DSC_6016.JPG,FUNED,dorsal,model,Micrurus,carvalhoi,Micruruscarvalhoi,11/28/2024,images/A-snake-photos/FUNED_4738_Micrurus_carvalhoi_DSC_6016.JPG,DSC_6016.JPG,92aaea327147720344472aa06bbc49ae,
4738,FUNED_4738_Micrurus_carvalhoi_DSC_6017.JPG,FUNED,dorsal,model,Micrurus,carvalhoi,Micruruscarvalhoi,11/28/2024,images/A-snake-photos/FUNED_4738_Micrurus_carvalhoi_DSC_6017.JPG,DSC_6017.JPG,a8d92008b38b8d4a5ce26c0bb0256e0b,
4738,FUNED_4738_Micrurus_carvalhoi_DSC_6018.JPG,FUNED,dorsal,model,Micrurus,carvalhoi,Micruruscarvalhoi,11/28/2024,images/A-snake-photos/FUNED_4738_Micrurus_carvalhoi_DSC_6018.JPG,DSC_6018.JPG,ede611ced1eb65c12fc139b2683d9d51,
4738,FUNED_4738_Micrurus_carvalhoi_DSC_6019.JPG,FUNED,ventral,model,Micrurus,carvalhoi,Micruruscarvalhoi,11/28/2024,images/A-snake-photos/FUNED_4738_Micrurus_carvalhoi_DSC_6019.JPG,DSC_6019.JPG,3f352ec5df9f5f5b863c38f26dca6ddc,
4738,FUNED_4738_Micrurus_carvalhoi_DSC_6020.JPG,FUNED,ventral,model,Micrurus,carvalhoi,Micruruscarvalhoi,11/28/2024,images/A-snake-photos/FUNED_4738_Micrurus_carvalhoi_DSC_6020.JPG,DSC_6020.JPG,1483f7a6a7d6990a1c2f9575bdf6436c,
41555,FUNED_41555_Erythrolamprus_aesculapii_DSC_6376.JPG,FUNED,dorsal,mimic,Erythrolamprus,aesculapii,Erythrolamprusaesculapii,11/29/2024,images/A-snake-photos/FUNED_41555_Erythrolamprus_aesculapii_DSC_6376.JPG,DSC_6376.JPG,a9cc99adeb428a10e83ae3c385b82652,
41555,FUNED_41555_Erythrolamprus_aesculapii_DSC_6377.JPG,FUNED,ventral,mimic,Erythrolamprus,aesculapii,Erythrolamprusaesculapii,11/29/2024,images/A-snake-photos/FUNED_41555_Erythrolamprus_aesculapii_DSC_6377.JPG,DSC_6377.JPG,e3e21472589edf411b19b2aa575efb36,
?,FUNED_unknown_Micrurus_brasiliensis_DSC_6438.JPG,FUNED,dorsal,model,Micrurus,brasiliensis,Micrurusbrasiliensis,11/28/2024,images/A-snake-photos/FUNED_unknown_Micrurus_brasiliensis_DSC_6438.JPG,DSC_6438.JPG,1d77dbb0d33f4cb5556dd85763e14f79,"ask them to check the records, there are only 3 of this species and the other 2 ids are known"
?,FUNED_unknown_Micrurus_brasiliensis_DSC_6439.JPG,FUNED,ventral,model,Micrurus,brasiliensis,Micrurusbrasiliensis,11/28/2024,images/A-snake-photos/FUNED_unknown_Micrurus_brasiliensis_DSC_6439.JPG,DSC_6439.JPG,e6c7ad7d8e615fad0ddf5041233684d3,"ask them to check the records, there are only 3 of this species and the other 2 ids are known"
